data_source,CHEMid,Smiles,ActivityValue_pIC50,PCA_0,PCA_1
CHEMBL4106140,CHEMBL5076382,CC1(C)CCN(Cc2cc3ccc(CNC(=O)c4cc(=O)n5ccccc5n4)cc3[nH]2)CC1,8.415668775632469,4393.555631562024,9312.817264285544
CHEMBL4106140,CHEMBL5088632,O=C(NCc1ccc2cc(CNC34CC5CC(CC(C5)C3)C4)[nH]c2c1)c1cc(=O)n2ccccc2n1,8.214670164989233,-8985.195341366007,11887.319643293065
CHEMBL4106140,CHEMBL5088101,O=C(NCc1ccc2cc(CNC3CCCC3)[nH]c2c1)c1cc(=O)n2ccccc2n1,8.214670164989233,16777.232024497793,3123.5971692093617
CHEMBL4106140,CHEMBL5088189,O=C(NCc1cc2[nH]c(CNCC3CCC3)cc2cn1)c1cc(=O)n2ccccc2n1,8.214670164989233,20220.771357998838,2171.9181164629904
CHEMBL4106140,CHEMBL5079802,O=C(NCc1ccc2cc(CN3CCC4(CCC4)C3)[nH]c2c1)c1cc(=O)n2ccccc2n1,8.214670164989233,7153.591704637479,5935.480154202597
CHEMBL4106140,CHEMBL5088945,O=C(NCc1ccc2cc(CN3CC4(C3)CC(F)(F)C4)[nH]c2c1)c1cc(=O)n2ccccc2n1,8.214670164989233,12350.071120997683,2975.235933960478
CHEMBL4106140,CHEMBL5080594,O=C(NCc1ccc2cc(CNC3CC34CCC4)[nH]c2c1)c1cc(=O)n2ccccc2n1,8.214670164989233,14825.968914804484,2711.555959959109
CHEMBL4106140,CHEMBL5078481,O=C(NCc1ccc2cc(CN3CC4(CC(F)C4)C3)[nH]c2c1)c1cc(=O)n2ccccc2n1,8.214670164989233,13381.174396698401,3335.8933813716912
CHEMBL4106140,CHEMBL5078518,O=C(NCc1ccc2cc(CN[C@H]3CCC[C@H]3O)[nH]c2c1)c1cc(=O)n2ccccc2n1,8.214670164989233,14156.819510789343,3471.1779665965373
CHEMBL4106140,CHEMBL5085938,CC12CC(CNCc3cc4ccc(CNC(=O)c5cc(=O)n6ccccc6n5)cc4[nH]3)(C1)C2,8.214670164989233,10164.640498738847,5566.775676063953
CHEMBL4106140,CHEMBL5090558,O=C(NCc1ccc2cc(CNCC3CC(F)(F)C3)[nH]c2c1)c1cc(=O)n2ccccc2n1,8.214670164989233,15987.109237107814,1997.6031670177554
CHEMBL4106140,CHEMBL5078147,c1cc(-c2cn(Cc3cc4[nH]c(CN5CCC6(CCC6)C5)cc4cn3)nn2)c2cncn2c1,8.214670164989233,8511.13990800154,6088.096508490643
CHEMBL4106140,CHEMBL5084729,O=C(NCc1ccc2cc(CN3CC(C4CCC4)C3)[nH]c2c1)c1cc(=O)n2ccccc2n1,8.214670164989233,9902.174610500904,4650.025763233354
CHEMBL4106140,CHEMBL5080742,O=C(NCc1cc2[nH]c(CNCC3CCC3)cc2cc1F)c1cc(=O)n2ccccc2n1,8.214670164989233,16177.813788907339,1780.073523347697
CHEMBL4106140,CHEMBL5088861,O=C(NCc1ccc2cc(CN3CC4CCCC4C3)[nH]c2c1)c1cc(=O)n2ccccc2n1,8.214670164989233,7370.795201484691,6235.002796370443
CHEMBL4106140,CHEMBL5084766,FC12CC(CNCc3cc4ccc(Cn5cc(-c6cccn7cncc67)nn5)cc4[nH]3)(C1)C2,8.214670164989233,13063.012578860196,3506.8200746639177
CHEMBL4106140,CHEMBL5094900,O=C(NCc1ccc2cc(CN3CCC4(CCCC4)C3)[nH]c2c1)c1cc(=O)n2ccccc2n1,8.214670164989233,884.601646764375,8536.046616404192
CHEMBL4106140,CHEMBL5086015,[2H]C([2H])(NCC1CCC1)c1cc2ccc(CNC(=O)c3cc(=O)n4ccccc4n3)cc2[nH]1,8.214670164989233,17907.42577701369,2628.5495884633388
CHEMBL4106140,CHEMBL5076673,O=C(NCc1ccc2cc(CNC3CCCCC3)[nH]c2c1)c1cc(=O)n2ccccc2n1,8.214670164989233,11288.917614785114,5138.570166798013
CHEMBL4106140,CHEMBL5083389,O=C(NCc1ccc2cc(CNCC34CC(F)(C3)C4)[nH]c2c1)c1cc(=O)n2ccsc2n1,8.214670164989233,18238.02010581187,1193.8361347384084
CHEMBL4106140,CHEMBL5077802,O=C(NCc1ccc2cc(CNCC3CCC3)[nH]c2c1)c1cnc2[nH]ccc2c1,8.214670164989233,22163.379691456772,3331.2297655502866
CHEMBL4106140,CHEMBL5094327,O=C(NCc1ccc2cc(CNCC3(O)CCC3)[nH]c2c1)c1cc(=O)n2ccccc2n1,8.214670164989233,15323.169028276363,3195.2552747632976
CHEMBL4106140,CHEMBL5076245,O=C(NCc1cnc2cc(CNCC34CC(F)(C3)C4)[nH]c2c1)c1cc(=O)n2ccccc2n1,8.214670164989233,16262.978988131028,2504.4343166577064
CHEMBL4106140,CHEMBL5094624,c1cc(-c2cn(Cc3ccc4cc(CN5CC6(CCC6)C5)[nH]c4c3)nn2)c2cn[nH]c2c1,8.214670164989233,13464.662147473644,4234.496874655768
CHEMBL4106140,CHEMBL5094271,c1cc2cc(-c3cn(Cc4ccc5cc(CNCC6CCC6)[nH]c5c4)cn3)cnc2[nH]1,8.214670164989233,15434.278418558963,2970.16536902926
CHEMBL4106140,CHEMBL5076772,O=C(NCc1ccc2cc(CN3CC4(CCCCC4)C3)[nH]c2c1)c1cc(=O)n2ccccc2n1,8.214670164989233,3149.0163573542,8267.974910378494
CHEMBL4106140,CHEMBL5089625,O=C(NCc1cc2[nH]c(CNCC34CC(C3)C4)cc2cn1)c1cc(=O)n2ccccc2n1,8.214670164989233,17279.84916088065,2761.3430929489364
CHEMBL4106140,CHEMBL5078682,CC1(CNCc2cc3ccc(CNC(=O)c4cc(=O)n5ccccc5n4)cc3[nH]2)CC1,8.214670164989233,17252.369682521356,3486.5418640673565
CHEMBL4106140,CHEMBL5074655,O=C(NCc1ccc2cc(CNCC34CCC(C3)C4)[nH]c2c1)c1cc(=O)n2ccccc2n1,8.214670164989233,9451.127984643561,5518.572979217881
CHEMBL4106140,CHEMBL5085617,CC(C)(C)CNCc1cc2ccc(CNC(=O)c3cc(=O)n4ccccc4n3)cc2[nH]1,8.214670164989233,14071.40231797596,6365.670764618783
CHEMBL4106140,CHEMBL5092868,CCC1(CC)CN(Cc2cc3ccc(CNC(=O)c4cc(=O)n5ccccc5n4)cc3[nH]2)C1,8.214670164989233,5112.243355282474,7302.565385101251
CHEMBL4106140,CHEMBL5084043,O=C(NCc1ccc2cc(CNCC3CCCC3)[nH]c2c1)c1cc(=O)n2ccccc2n1,8.214670164989233,12611.196747528278,4784.58062223712
CHEMBL4106140,CHEMBL5072426,CC12CC(CNCc3cc4cnc(CNC(=O)c5cc(=O)n6ccccc6n5)cc4[nH]3)(C1)C2,8.214670164989233,12470.148196713328,5135.673281850268
CHEMBL4106140,CHEMBL5082086,O=C(NCc1ccc2cc(CNCC3(O)CCCC3)[nH]c2c1)c1cc(=O)n2ccccc2n1,8.214670164989233,9728.72126488675,5537.499624508896
CHEMBL4106140,CHEMBL5093034,c1cc(-c2cn(Cc3cc4[nH]c(CNCC5CCC5)cc4cn3)nn2)c2cn[nH]c2c1,8.214670164989233,19224.821921738647,2736.4092894938126
CHEMBL4106140,CHEMBL5076520,CC1(NCc2cc3ccc(CNC(=O)c4cc(=O)n5ccccc5n4)cc3[nH]2)CCCC1,8.214670164989233,9966.120786655933,5877.200135766702
CHEMBL4106140,CHEMBL5079212,O=C(NCc1ccc2cc(CNCC34CC(C3)C4)[nH]c2c1)c1cc(=O)n2ccccc2n1,8.214670164989233,14966.768886401034,3216.095726156289
CHEMBL4106140,CHEMBL5075825,c1cc2cc(-c3cn(Cc4ccc5cc(CNCC6CCC6)[nH]c5c4)nn3)cnc2[nH]1,8.214670164989233,17976.478118428007,2865.8255005580177
CHEMBL4106140,CHEMBL5077434,OC1(CNCc2cc3ccc(Cn4cc(-c5cccc6[nH]ncc56)nn4)cc3[nH]2)CCC1,8.214670164989233,14379.22689725872,3790.043974273841
CHEMBL4106140,CHEMBL5081976,O=C(NCc1ccc2c(F)c(CNCC3CCC3)[nH]c2c1)c1cc(=O)n2ccccc2n1,8.214670164989233,16153.81135326168,1846.883352885521
CHEMBL4106140,CHEMBL5094313,O=C(NCc1ccc2cc(CNCC3CC34CC4)[nH]c2c1)c1cc(=O)n2ccccc2n1,8.214670164989233,15759.496498822231,2543.3956921582158
CHEMBL4106140,CHEMBL5092443,CC1(C)CCN(Cc2cc3ccc(CNC(=O)c4cc(=O)n5ccccc5n4)cc3[nH]2)C1,8.214670164989233,9569.985089569333,7023.554640500996
CHEMBL4106140,CHEMBL5089824,O=C(NCc1ccc2cc(CN3CC4(CCCC4)C3)[nH]c2c1)c1cc(=O)n2ccccc2n1,8.214670164989233,8813.351626218331,6076.203059188877
CHEMBL4106140,CHEMBL5079667,c1cc(-c2cn(Cc3ccc4cc(CNC5CCCC5)[nH]c4c3)nn2)c2cn[nH]c2c1,8.214670164989233,15839.804392362325,3709.323295090722
CHEMBL4106140,CHEMBL5081554,O=C(NCc1ccc2cc(CN3CC4(CCC4)C3)[nH]c2c1)c1cc(=O)n2ccccc2n1,8.214670164989233,14394.381366672083,3658.235671474493
CHEMBL4106140,CHEMBL5081555,O=C(NCc1ccc2cc(CN[C@H]3CCC[C@@H]3O)[nH]c2c1)c1cc(=O)n2ccccc2n1,8.214670164989233,14156.819510789343,3471.1779665965373
CHEMBL4106140,CHEMBL5075067,O=C(NCc1ccc2cc(CNCC3CCC3)[nH]c2c1)c1cc(=O)n2ccccc2n1,8.214670164989233,17907.4258308345,2628.5497743316578
CHEMBL4106140,CHEMBL5094112,COc1cnc(C#N)c(-c2cn(Cc3ccc4cc(CNCC56CC(C5)C6)[nH]c4c3)nn2)c1,8.214670164989233,11693.737403419036,2136.026721147548
CHEMBL4106140,CHEMBL5079539,O=C(NCc1cc2[nH]c(CNCC34CC(F)(C3)C4)cc2cn1)c1cc(=O)n2ccccc2n1,8.214670164989233,16277.253446327242,2472.9817195664054
CHEMBL4106140,CHEMBL5075128,O=c1cc(-c2cn(Cc3ccc4cc(CNCC5CCC5)[nH]c4c3)nn2)nc2ccccn12,8.214670164989233,13459.54227289967,2097.243138875715
CHEMBL4106140,CHEMBL5085313,O=C(NCc1cc2[nH]c(CN3CCC4(CCC4)C3)cc2cn1)c1cc(=O)n2ccccc2n1,8.214670164989233,9496.9551504505,5533.393147500735
CHEMBL4106140,CHEMBL5089058,O=C(NCc1cnc2cc(CNCC34CC(C3)C4)[nH]c2c1)c1cc(=O)n2ccccc2n1,8.214670164989233,17264.48998782069,2794.531609812749
CHEMBL4106140,CHEMBL5083370,O=C(NCc1ccc2cc(CNC3(C4CCC4)CC3)[nH]c2c1)c1cc(=O)n2ccccc2n1,8.214670164989233,7556.8728140419835,4085.7441071861494
CHEMBL4106140,CHEMBL5082807,O=C(NCc1ccc2cc(CNCC34CC(F)(C3)C4)[nH]c2c1)c1cc(=O)n2ccccc2n1,8.214670164989233,13965.922042162543,2924.8602049348024
CHEMBL4106140,CHEMBL5091295,CC(NCc1cc2ccc(CNC(=O)c3cc(=O)n4ccccc4n3)cc2[nH]1)C12CC(F)(C1)C2,8.214670164989233,6597.285415779468,4708.807414359248
CHEMBL4106140,CHEMBL5091296,c1cc(-c2cn(Cc3ccc4cc(CNCC5CCC5)[nH]c4c3)nn2)c2cn[nH]c2c1,8.214670164989233,16969.1002817904,3207.1967371172113
CHEMBL4106140,CHEMBL5071936,c1cc(-c2cn(Cc3cnc4cc(CNCC5CCC5)[nH]c4c3)nn2)c2cn[nH]c2c1,8.214670164989233,19277.797233817633,2808.4902331292406
CHEMBL4106140,CHEMBL5079530,CC1(CNCc2cc3ccc(CNC(=O)c4cc(=O)n5ccccc5n4)cc3[nH]2)CCC1,8.214670164989233,11812.436285294958,5415.927236922858
CHEMBL4106140,CHEMBL5075732,O=C(NCc1ccc2cc(CNCC3CC3(F)F)[nH]c2c1)c1cc(=O)n2ccccc2n1,8.202040356262804,20632.995023961794,423.60528320935003
CHEMBL4106140,CHEMBL5078633,c1cc(-c2cn(Cc3ccc4cc(CNCC5CCC5)[nH]c4c3)nn2)c2cncn2c1,8.200659450546418,16977.94733696483,3209.275304024189
CHEMBL4106140,CHEMBL5085032,FC12CC(CNCc3cc4cnc(Cn5cc(-c6cccn7cncc67)nn5)cc4[nH]3)(C1)C2,8.185086818724926,15309.449146828178,3034.9514695354374
CHEMBL4106140,CHEMBL5076828,O=C(NCc1ccc2cc(CN3CC4CCC3CC4)[nH]c2c1)c1cc(=O)n2ccccc2n1,8.1791420105603,6032.647274623452,6378.583091366958
CHEMBL4106140,CHEMBL5083798,CC1CC(CNCc2cc3ccc(CNC(=O)c4cc(=O)n5ccccc5n4)cc3[nH]2)C1,8.176525770829699,13336.31582169775,4408.754533131314
CHEMBL4106140,CHEMBL5085911,COc1cncc(-c2cn(Cc3ccc4cc(CNCC5CCC5)[nH]c4c3)nn2)c1,8.167491087293763,18887.874321394327,2998.622612822455
CHEMBL4106140,CHEMBL5088911,c1cc(-c2cn(Cc3ccc4cc(CNCC5CCC5)[nH]c4c3)cn2)c2cn[nH]c2c1,8.16621562534352,14244.567252576313,3245.860899238383
CHEMBL4106140,CHEMBL5083560,O=C(NCc1cnc2cc(CNCC3CCC3)[nH]c2c1)c1cc(=O)n2ccccc2n1,8.163675884293248,20186.326834076237,2203.2106025568232
CHEMBL4106140,CHEMBL5080380,COc1cnc(C#N)c(-c2cn(Cc3ccc4cc(CNCC56CC(F)(C5)C6)[nH]c4c3)nn2)c1,8.160521952625801,10709.568297692882,1860.3151935482097
CHEMBL4106140,CHEMBL5074673,CC(C)(C)C(C)(C)NCc1cc2ccc(CNC(=O)c3cc(=O)n4ccccc4n3)cc2[nH]1,8.15552282425432,-1133.9267616688912,11880.100192731912
CHEMBL4106140,CHEMBL5086203,c1cc(-n2cc(Cc3ccc4cc(CNCC5CCC5)[nH]c4c3)nn2)c2cn[nH]c2c1,8.153662887870194,16911.247394977054,3205.4437533214927
CHEMBL4106140,CHEMBL5076352,CC(C)(C)C1CN(Cc2cc3ccc(CNC(=O)c4cc(=O)n5ccccc5n4)cc3[nH]2)C1,8.142667503568731,6196.318066527578,8748.895369040149
CHEMBL4106140,CHEMBL5081398,N#CC12CC(CNCc3cc4ccc(CNC(=O)c5cc(=O)n6ccccc6n5)cc4[nH]3)(C1)C2,8.122628654130226,11873.015944071185,3116.189123540099
CHEMBL4106140,CHEMBL5089083,O[C@@H]1CCC[C@@H]1NCc1cc2ccc(Cn3cc(-c4cccc5[nH]ncc45)nn3)cc2[nH]1,8.106238237942057,13226.779900640195,4049.939349142334
CHEMBL4106140,CHEMBL5088959,FC1(F)CC(CNCc2cc3ccc(Cc4cn(-c5cccc6[nH]ncc56)nn4)cc3[nH]2)C1,8.101823516502323,15035.67495681717,2529.388564333753
CHEMBL4106140,CHEMBL5087709,O=C(NCc1ccc2cc(CNCC3CCO3)[nH]c2c1)c1cc(=O)n2ccccc2n1,8.090925598599096,20983.65509805065,979.6152241127747
CHEMBL4106140,CHEMBL5079801,COc1cc(-c2cn(Cc3ccc4cc(CNCC5CCC5)[nH]c4c3)nn2)c2cncn2c1,8.089375595110798,8536.733489841514,2401.5289085339477
CHEMBL4106140,CHEMBL5079097,CC(C)CNCc1cc2ccc(CNC(=O)c3cc(=O)n4ccccc4n3)cc2[nH]1,8.063486257521106,19829.571982423513,3388.192138801808
CHEMBL4106140,CHEMBL5087560,O=C(NCc1ccc2cc(CNCC34CC(CF)(C3)C4)[nH]c2c1)c1cc(=O)n2ccccc2n1,8.047207556955907,9188.737888754853,5289.522073703009
CHEMBL4106140,CHEMBL5092116,O=C(NCc1ccc2cc(CNCC3CC4(CC4)C3)[nH]c2c1)c1cc(=O)n2ccccc2n1,8.03526907894637,11077.814432163976,4564.567556436868
CHEMBL4106140,CHEMBL5091794,O=C(NCc1ccc2cc(CN3CC(C4CC4)C3)[nH]c2c1)c1cc(=O)n2ccccc2n1,8.034328028779893,14884.879163511794,3052.707319115973
CHEMBL4106140,CHEMBL5079410,CC1(C)CN(Cc2cc3ccc(CNC(=O)c4cc(=O)n5ccccc5n4)cc3[nH]2)C1,8.03058408764602,16499.742890262,4511.133715958313
CHEMBL4106140,CHEMBL5089583,COC1(CNCc2cc3ccc(CNC(=O)c4cc(=O)n5ccccc5n4)cc3[nH]2)CCC1,8.03058408764602,9547.187076585713,4207.713529570206
CHEMBL4106140,CHEMBL5075832,O=C(NCc1ccc2cc(CN3CC4CC(C4)C3)[nH]c2c1)c1cc(=O)n2ccccc2n1,8.020907099361674,13003.203983052295,4073.435903045723
CHEMBL4106140,CHEMBL5088923,O=C(NCc1ccc2cc(CNCc3ccccc3)[nH]c2c1)c1cc(=O)n2ccccc2n1,8.006123085058789,16375.66462707973,696.2482994774534
CHEMBL4106140,CHEMBL5069913,O=C(NCc1ccc2cc(CN[C@@H]3CCC[C@@H]3O)[nH]c2c1)c1cc(=O)n2ccccc2n1,7.991399828238082,14156.819510789343,3471.1779665965373
CHEMBL4106140,CHEMBL5084941,c1cc(-c2cn(Cc3ccc4cc(CNCC5CCC5)[nH]c4c3)nn2)c2[nH]ncc2c1,7.97469413473523,16991.29628987972,3263.2590277925997
CHEMBL4106140,CHEMBL5089383,O=C(NCc1ccc2cc(CN[C@@H]3CCC[C@H]3O)[nH]c2c1)c1cc(=O)n2ccccc2n1,7.97061622231479,14156.819510789343,3471.1779665965373
CHEMBL4106140,CHEMBL5084501,O=C(NCc1ccc2cc(CNCC3CC3)[nH]c2c1)c1cc(=O)n2ccccc2n1,7.97061622231479,22688.036048230617,1202.1053831259924
CHEMBL4106140,CHEMBL5073136,CN(Cc1cc2ccc(CNC(=O)c3cc(=O)n4ccccc4n3)cc2[nH]1)CC1CCC1,7.94692155651658,9993.63044796307,3842.327440416917
CHEMBL4106140,CHEMBL5086578,O=C(NCc1ccc2cc(CNCC3CCC3)[nH]c2c1)c1cc(=O)n2c(n1)CCCC2,7.943095148663527,12449.04207002266,5926.530294556328
CHEMBL4106140,CHEMBL5074636,c1cc(-c2cn(Cc3ccc4cc(CNCC5CC5)[nH]c4c3)nn2)c2cn[nH]c2c1,7.935542010773082,21763.964326239242,1770.426584296829
CHEMBL4106140,CHEMBL5081710,O=C(NCc1ccc2cc(CNCC3(O)CCCCC3)[nH]c2c1)c1cc(=O)n2ccccc2n1,7.931814138253839,4083.732401956347,7661.451308554961
CHEMBL4106140,CHEMBL5082664,O=C(NCc1ccc2cc(CNCC3CCCCC3)[nH]c2c1)c1cc(=O)n2ccccc2n1,7.931814138253839,7215.271353475299,6980.870733784556
CHEMBL4106140,CHEMBL5077754,O=C(NCc1cc2[nH]c(CNCC3CC3)cc2cc1F)c1cc(=O)n2ccccc2n1,7.910448117113546,20955.9495099312,342.8202971873485
CHEMBL4106140,CHEMBL5074803,O=C(NCc1ccc2cc(CNCC3CCC3)[nH]c2c1)c1cccc2[nH]ncc12,7.903089986991944,20857.013235140148,3364.12262866635
CHEMBL4106140,CHEMBL5093801,O=C(NCc1ccc2cc(CN3CCC4(CC4)C3)[nH]c2c1)c1cc(=O)n2ccccc2n1,7.8696662315049934,12900.014820575976,4093.9525011894243
CHEMBL4106140,CHEMBL5081748,O=C(NCc1ccc2cc(CN3CCC(F)CC3)[nH]c2c1)c1cc(=O)n2ccccc2n1,7.853871964321762,14337.435468295003,3512.232360652285
CHEMBL4106140,CHEMBL5086933,CC(C)(C)C1(NCc2cc3ccc(CNC(=O)c4cc(=O)n5ccccc5n4)cc3[nH]2)CC1,7.829738284605042,3184.3267389453877,8514.54423896317
CHEMBL4106140,CHEMBL5084472,O=C(NCc1ccc2cc(CNC[C@@H]3C[C@H]4CC[C@@H]3O4)[nH]c2c1)c1cc(=O)n2ccccc2n1,7.82102305270683,7966.136460130066,4821.002654017374
CHEMBL4106140,CHEMBL5091514,O=C(NCc1ccc2cc(CNC[C@H]3C[C@H]4CC[C@@H]3O4)[nH]c2c1)c1cc(=O)n2ccccc2n1,7.806875401645538,7966.136460130066,4821.002654017374
CHEMBL4106140,CHEMBL5086280,c1cc(-c2noc(Cc3ccc4cc(CNCC5CCC5)[nH]c4c3)n2)c2cn[nH]c2c1,7.798602875679548,19444.933454047426,2268.5461315877787
CHEMBL4106140,CHEMBL5091610,O=C(NCc1ccc2cc(CN3CC4CC4C3)[nH]c2c1)c1cc(=O)n2ccccc2n1,7.764471553092451,18826.28804165843,1941.5216756105237
CHEMBL4106140,CHEMBL5075670,O=C(NCc1ccc2cc(CNCC3(F)CCC3)[nH]c2c1)c1cc(=O)n2ccccc2n1,7.75448733218585,16671.01001416161,2265.2233438752955
CHEMBL4106140,CHEMBL5076049,COC12CC(CNCc3cc4ccc(CNC(=O)c5cc(=O)n6ccccc6n5)cc4[nH]3)(C1)C2,7.749579997691106,8236.119297073583,4811.060281296581
CHEMBL4106140,CHEMBL5081561,CC(C)(C)CNCc1cc2ccc(CNC(=O)c3cnc4[nH]ccc4c3)cc2[nH]1,7.72584215073632,18342.404505833412,7028.912144675595
CHEMBL4106140,CHEMBL5086815,O=C(NCc1ccc2cc(CNC3CCC3)[nH]c2c1)c1cc(=O)n2ccccc2n1,7.716698771296451,22252.974136048037,1239.6396936797425
CHEMBL4106140,CHEMBL5074621,FC1(F)CC(CNCc2cc3ccc(Cc4cn(-c5cccn6cncc56)nn4)cc3[nH]2)C1,7.714442690992226,15039.323696043424,2533.851786339118
CHEMBL4106140,CHEMBL5075759,c1cc(-c2cn(Cc3ccc4cc(CNC5CC5)[nH]c4c3)nn2)c2cn[nH]c2c1,7.655607726314889,26299.051628046298,654.159573932574
CHEMBL4106140,CHEMBL5091271,O=C(NCc1ccc2cc(CN3CC4CCC3C4)[nH]c2c1)c1cc(=O)n2ccccc2n1,7.61261017366127,12581.610697570666,3839.3074655669507
CHEMBL4106140,CHEMBL5087353,COc1cnc(C#N)c(-c2cn(Cc3ccc4cc(CN5CCC6(CCC6)C5)[nH]c4c3)nn2)c1,7.578396073130169,3885.742853634307,4854.540839291304
CHEMBL4106140,CHEMBL5080925,COc1cnc(C#N)c(-c2cn(Cc3ccc4cc(CN5CCC(C)(C)CC5)[nH]c4c3)nn2)c1,7.5718652059712115,1145.4246390895726,8281.527487774934
CHEMBL4106140,CHEMBL5085218,O=C(NCc1ccc2cc(CN3CCCCC3)[nH]c2c1)c1cc(=O)n2ccccc2n1,7.5718652059712115,15448.554908859218,3824.422024929699
CHEMBL4106140,CHEMBL5090273,O=C(NCc1ccc2nc(CNCC3CCC3)[nH]c2c1)c1cc(=O)n2ccccc2n1,7.493494967595128,20362.6437847464,2009.7917574947255
CHEMBL4106140,CHEMBL5077360,COc1cnc(C#N)c(-c2cn(Cc3ccc4cc(CNCC5CCC5)[nH]c4c3)nn2)c1,7.460923901207224,14637.358578690222,1550.1846128319035
CHEMBL4106140,CHEMBL5090531,O=C(NCc1ccc2cc(CNC3C4CCCC43)[nH]c2c1)c1cc(=O)n2ccccc2n1,7.453457336521869,14974.950496232887,2524.550949474715
CHEMBL4106140,CHEMBL5075229,O=C(NCc1ccc2cc(CNC3CC3)[nH]c2c1)c1cc(=O)n2ccccc2n1,7.177831920631983,27222.712774215153,90.26413475891215
CHEMBL4106140,CHEMBL5094592,O=C(NCc1ccc2cc(CN3CC(C(F)F)C3)[nH]c2c1)c1cc(=O)n2ccccc2n1,7.168770306132937,19835.57679106957,1242.4216514492373
CHEMBL4106140,CHEMBL5092305,O=C(NCc1ccc2cc(CNC34CC(C3)C4)[nH]c2c1)c1cc(=O)n2ccccc2n1,7.149966742310231,19308.271193682474,1476.1568066991235
CHEMBL4106140,CHEMBL5088748,N#Cc1ncc(Cl)cc1-c1cn(Cc2ccc3cc(CNCC4CCC4)[nH]c3c2)nn1,7.148497047229456,20125.567975529208,295.91982326417
CHEMBL4106140,CHEMBL5085249,CC1(C)CCCN1Cc1cc2ccc(CNC(=O)c3cc(=O)n4ccccc4n3)cc2[nH]1,7.145086977692144,8070.771960369139,6525.169861091037
CHEMBL4106140,CHEMBL5072877,CC1CN(Cc2cc3ccc(CNC(=O)c4cc(=O)n5ccccc5n4)cc3[nH]2)C1,7.1232050237993,21902.1285873218,2008.5413473136325
CHEMBL4106140,CHEMBL5094602,CC(C)(C)NCc1cc2ccc(CNC(=O)c3cc(=O)n4ccccc4n3)cc2[nH]1,7.092051478387727,18572.8623311218,4443.913735373269
CHEMBL4106140,CHEMBL5086726,O=C(NCc1ccc2cc(CN3CC4CC3C4)[nH]c2c1)c1cc(=O)n2ccccc2n1,7.052566278112949,18357.870884870266,1883.5319055746015
CHEMBL4106140,CHEMBL5082442,O=C(NCc1ccc2cc(CN3CC(C(F)(F)F)C3)[nH]c2c1)c1cc(=O)n2ccccc2n1,6.97469413473523,18747.662557181775,820.4777953036748
CHEMBL4106140,CHEMBL5075952,CCOC1CN(Cc2cc3ccc(CNC(=O)c4cc(=O)n5ccccc5n4)cc3[nH]2)C1,6.94692155651658,16001.969869548762,1958.2541959689163
CHEMBL4106140,CHEMBL5076475,O=C(NCc1ccc2cc(CCN3CC4(CCC4)C3)[nH]c2c1)c1cc(=O)n2ccccc2n1,6.928117992693875,10190.473497717772,4727.144260756883
CHEMBL4106140,CHEMBL5080382,O=C(NCc1ccc2cc(CN3CCC4(CCO4)C3)[nH]c2c1)c1cc(=O)n2ccccc2n1,6.903089986991944,10735.933808285503,3569.09054453381
CHEMBL4106140,CHEMBL5088339,O=C(NCc1ccc2cc(CN3CC(OCC(F)(F)F)C3)[nH]c2c1)c1cc(=O)n2ccccc2n1,6.823908740944319,13167.237724340679,670.1661915461501
CHEMBL4106140,CHEMBL5092591,COC1CN(Cc2cc3ccc(CNC(=O)c4cc(=O)n5ccccc5n4)cc3[nH]2)C1,6.801342913045578,20277.388193847313,1519.3755676817032
CHEMBL4106140,CHEMBL5071121,CC#CCCNCc1cc2ccc(CNC(=O)c3cc(=O)n4ccccc4n3)cc2[nH]1,6.732828271596986,21730.93179319507,154.838827751468
CHEMBL4106140,CHEMBL5082616,O=C(NCc1ccc2cc(CNCC3CCC3)[nH]c2n1)c1cc(=O)n2ccccc2n1,6.716698771296451,20393.954470288212,1941.333707057787
CHEMBL4106140,CHEMBL5085063,O=C(NCc1ccc2cc(CNCc3cn4ccccc4n3)[nH]c2c1)c1cc(=O)n2ccccc2n1,6.714442690992226,10778.410611670759,211.2730902760414
CHEMBL4106140,CHEMBL5076871,CC#CCNCc1cc2ccc(CNC(=O)c3cc(=O)n4ccccc4n3)cc2[nH]1,6.701146923590294,26192.411000813347,-679.5208355412415
CHEMBL4106140,CHEMBL5071076,O=C(NCc1ccc2cc(CN3CCCC3CO)[nH]c2c1)c1cc(=O)n2ccccc2n1,6.642065152999546,12204.992954348236,3602.314191237033
CHEMBL4106140,CHEMBL5088744,N#Cc1ncc(F)cc1-c1cn(Cc2ccc3cc(CNCC4CCC4)[nH]c3c2)nn1,6.586700235918748,20851.021766509344,1421.4690841909505
CHEMBL4106140,CHEMBL5084778,O=C(NCc1ccc2cc(CNCC#CC3CC3)[nH]c2c1)c1cc(=O)n2ccccc2n1,6.585026652029182,20686.201257274468,-809.5484914393229
CHEMBL4106140,CHEMBL5080547,CC(C)(C)OC1CN(Cc2cc3ccc(CNC(=O)c4cc(=O)n5ccccc5n4)cc3[nH]2)C1,6.510041520575165,5729.27630559565,6037.485973705875
CHEMBL4106140,CHEMBL5071012,O=C(NCc1ccc2cc(CN3CC(O)C3)[nH]c2c1)c1cc(=O)n2ccccc2n1,6.42712839779952,24666.310223834196,682.2088047998803
CHEMBL4106140,CHEMBL5069440,O=C(NCc1ccc2cc(CN3CCC3)[nH]c2c1)c1cc(=O)n2ccccc2n1,6.351639989019068,26739.63284599615,565.1107540350033
CHEMBL4106140,CHEMBL5092433,O=C(NCc1ccc2cc(CN3CC(F)C3)[nH]c2c1)c1cc(=O)n2ccccc2n1,6.311580177997289,25705.345884557966,103.69882998197157
CHEMBL4106140,CHEMBL5087448,c1ccc2c(-n3cc(Cc4ccc5cc(CNCC6CCC6)[nH]c5c4)nn3)cncc2c1,6.305394801066432,12964.591446829478,2835.9549714427717
CHEMBL4106140,CHEMBL5080826,O=C(NCc1ccc2cc(CO)[nH]c2c1)c1cc(=O)n2ccccc2n1,6.248720896016658,40551.07828823873,-634.2189292911337
CHEMBL4106140,CHEMBL5090575,O=C(NCc1ccc2cc(CN3CCOCC3)[nH]c2c1)c1cc(=O)n2ccccc2n1,6.219682687859849,18487.177018318027,2149.12397005088
CHEMBL4106140,CHEMBL5086016,C#CCNCc1cc2ccc(CNC(=O)c3cc(=O)n4ccccc4n3)cc2[nH]1,6.196542884351586,29962.91123491826,-645.4842194944148
CHEMBL4106140,CHEMBL5094085,CC1CCN1Cc1cc2ccc(CNC(=O)c3cc(=O)n4ccccc4n3)cc2[nH]1,6.195179321278838,21148.401282357852,1759.239119216005
CHEMBL4106140,CHEMBL5084106,O=C(NCc1ccc2cc(C3CCCCN3)[nH]c2c1)c1cc(=O)n2ccccc2n1,6.121478204498794,20120.044612135895,2892.4011170433864
CHEMBL4106140,CHEMBL5087675,O=C(NCc1ccc2cc[nH]c2c1)c1cc(=O)n2ccccc2n1,5.962573502059376,47445.02334868623,-1293.848762787842
CHEMBL4106140,CHEMBL5086074,CC(=O)N(Cc1cc2ccc(CNC(=O)c3cc(=O)n4ccccc4n3)cc2[nH]1)CC1CCC1,5.935542010773082,2779.153020054782,1423.5280221211756
CHEMBL4106140,CHEMBL5074552,O=C(NCc1ccc2cc(CNCC(F)(F)F)[nH]c2c1)c1cc(=O)n2ccccc2n1,5.913640169325252,26592.878142491292,-929.2556217514318
CHEMBL4106140,CHEMBL5089599,Cn1c(CNCC2CCC2)cc2ccc(CNC(=O)c3cc(=O)n4ccccc4n3)cc21,5.29413628771608,9406.306321098828,2877.7658983433957
CHEMBL4106140,CHEMBL5085379,O=C(NCc1cc2ccccn2c1)c1cc(=O)n2ccccc2n1,5.29413628771608,47625.7146505939,-1377.6747924581143
CHEMBL4106140,CHEMBL5077243,O=C(NCc1cc2ccccc2[nH]1)c1cc(=O)n2ccccc2n1,5.175223537524454,47662.45479153734,-1317.6577007449669
CHEMBL4739695,CHEMBL5077332,CNc1cc(N2CCC3(CC2)CN(c2cc(F)c(CN4CCC(C)(C)CC4)cc2F)CC(=O)N3)ncn1,8.301029995663981,-30574.85247445049,15267.426481728511
CHEMBL4739695,CHEMBL5090301,Nc1cc(C2CC2)nc2cc(OC[C@H]3O[C@@H](n4cc(Br)c5c(N)ncnc54)[C@@H](F)[C@@H]3O)ccc12,8.0,4882.449927900978,-5550.02206606847
CHEMBL4739695,CHEMBL5075530,Cn1ccc(-c2cn([C@@H]3O[C@H](COc4ccc5cnc(N[C@H]6C[C@@H](N)C6)nc5c4)[C@@H](O)[C@@H]3F)c3ncnc(N)c23)n1,8.0,-21649.86643767736,-3167.044214816723
CHEMBL4739695,CHEMBL5089861,CCc1cc(N(C)C)c2ccc(OCc3cncc(-n4cc(-c5ccn(C)n5)c5c(N)ncnc54)c3)cc2n1,8.0,-17960.938178281358,-4505.687882199166
CHEMBL4739695,CHEMBL5075540,CNc1ccc2ccc(OC[C@H]3O[C@@H](n4cnc5c(N)ncnc54)[C@H](O)[C@@H]3O)cc2n1,8.0,17784.843386159395,-241.85327206860248
CHEMBL4739695,CHEMBL5075545,CCNc1ccc2ccc(CCc3cncc(-n4cc(-c5ccn(C)n5)c5c(N)ncnc54)c3)cc2n1,8.0,-8779.772358008906,-4179.451898469192
CHEMBL4739695,CHEMBL5090171,Cn1ccc(-c2cn([C@H]3C[C@H](O)[C@@H](COc4ccc5ccc(N6CCC6)nc5c4)O3)c3ncnc(N)c23)n1,8.0,-13564.734096488892,-3133.3039986972703
CHEMBL4739695,CHEMBL5089969,CNc1ccc2ccc(OC[C@H]3O[C@@H](n4ccc5c(N)ncnc54)[C@@H](F)[C@@H]3O)cc2n1,8.0,17413.41584359111,-357.25049087147767
CHEMBL4739695,CHEMBL5075102,CNc1ccc2ccc(OC[C@H]3O[C@@H](n4cc(-c5ncco5)c5c(N)ncnc54)[C@@H](F)[C@@H]3O)cc2n1,8.0,-554.841643276035,-4764.063043946252
CHEMBL4739695,CHEMBL4872977,CNc1ccc2ccc(OC[C@H]3O[C@@H](n4cc(-c5ccc(C)o5)c5c(N)ncnc54)[C@@H](F)[C@@H]3O)cc2n1,8.0,-8278.713565693371,-4824.079879938878
CHEMBL4739695,CHEMBL5075679,Cn1ccc(-c2cn(-c3cncc(COc4ccc5ccc(N6CC(O)C6)nc5c4)c3)c3ncnc(N)c23)n1,8.0,-8110.6395607408485,-5850.392232756428
CHEMBL4739695,CHEMBL5075009,CCc1cc(NCCOC)c2ncc(OC[C@H]3O[C@@H](n4cc(-c5ccn(C)n5)c5c(N)ncnc54)[C@H](O)[C@@H]3O)cc2n1,8.0,-33117.97607498281,-3981.797525457105
CHEMBL4739695,CHEMBL5089709,Nc1ncnc2c1ccn2-c1cncc(COc2ccc3ccc(N4CCCC4)nc3c2)c1,8.0,12832.029080191822,-1065.5299624042639
CHEMBL4739695,CHEMBL5075656,CNc1ccc2ccc(OC[C@H]3O[C@@H](n4cc(-c5ccn(C6CCC6)n5)c5c(N)ncnc54)[C@H](O)[C@@H]3O)cc2n1,8.0,-22552.23382412409,-3105.3206889003354
CHEMBL4739695,CHEMBL5075127,Nc1ncnc2c1c([C@H]1CCCO1)cn2[C@@H]1O[C@H](COc2ccc3ccc(N4CCC4)nc3c2)[C@@H](O)[C@@H]1F,8.0,-18202.354429274495,-2392.507327422913
CHEMBL4739695,CHEMBL5069882,Cc1cc(NCCN(C)CCCCCc2ccccc2)c2ccc(OCc3cncc(-n4ccc5c(N)ncnc54)c3)cc2n1,8.0,-38434.380514241755,5521.171955921964
CHEMBL4739695,CHEMBL5075225,Cc1ccn(-c2cn([C@@H]3O[C@H](COc4ccc5ccc(N6CC(N)C6)nc5c4)[C@@H](O)[C@@H]3F)c3ncnc(N)c23)n1,8.0,-19306.95966509186,-3417.932736051593
CHEMBL4739695,CHEMBL5069561,CN(C)C(=O)c1cn([C@@H]2O[C@H](COc3ccc4ccc(N5CCC5)nc4c3)[C@@H](O)[C@@H]2F)c2ncnc(N)c12,8.0,-15110.306704666073,-2643.6628965004197
CHEMBL4739695,CHEMBL5075258,CC(C)(C)c1cc(N)c2ccc(OCc3cncc(-n4ccc5c(N)ncnc54)c3)cc2n1,8.0,7410.425095048025,1801.6100216395616
CHEMBL4739695,CHEMBL5090183,CN(C)c1ccc2ccc(OC[C@H]3O[C@@H](n4cc(C5CCCC5)c5c(N)ncnc54)[C@H](O)[C@@H]3O)cc2n1,8.0,-22546.093537037043,1212.6816005683322
CHEMBL4739695,CHEMBL5069625,CNc1ccc2ccc(CC[C@H]3C[C@@H](n4cc(CO)c5c(N)ncnc54)[C@H](O)[C@@H]3O)cc2n1,8.0,-7822.731612442725,3716.712583630709
CHEMBL4739695,CHEMBL5075267,CNc1ccc2ccc(OCc3cccc(-c4c[nH]c5c(N)ncnc45)c3)cc2n1,8.0,23613.68465964002,-2305.285249189768
CHEMBL4739695,CHEMBL5069481,Cc1cc(N)c2ccc(OCc3cncc(-n4cc(Cl)c5c(N)ncnc54)c3)cc2n1,8.0,23495.732197458103,-3574.9095307426433
CHEMBL4739695,CHEMBL5094631,CNc1ccc2ccc(OCc3cncc(-n4cc(CCN(C)C)c5c(N)ncnc54)c3)cc2n1,8.0,-3468.2480524110892,-1072.821015729425
CHEMBL4739695,CHEMBL5094610,CCNc1ccc2ccc(OC[C@H]3O[C@@H](n4cc(-c5cn(C)cn5)c5c(N)ncnc54)[C@@H](F)[C@@H]3O)cc2n1,8.0,-12951.098101102396,-3903.5218566555936
CHEMBL4739695,CHEMBL5090116,CNc1ccc2ccc(OC[C@H]3C[C@@H](n4cc(C5CCCC5)c5c(N)ncnc54)C[C@@H]3O)cc2n1,8.0,-20024.322089698824,2881.514276019683
CHEMBL4739695,CHEMBL5075405,CNc1ccc2ccc(OC[C@H]3O[C@@H](n4cc(Cl)c5c(N)ncnc54)C[C@@H]3O)cc2n1,8.0,16957.09717860074,-1686.6561230649945
CHEMBL4739695,CHEMBL5089641,CN(C)Cc1cn([C@@H]2O[C@H](COc3ccc4ccc(N5CCC5)nc4c3)[C@@H](O)[C@@H]2F)c2ncnc(N)c12,8.0,-15895.012748016065,-9.990995157017483
CHEMBL4739695,CHEMBL5069784,Nc1ncnc2c1ccn2[C@@H]1O[C@H](CCc2ccc3ccc(N4CCCC4)nc3c2)[C@@H](O)[C@H]1O,8.0,-3763.9031084622843,3107.0532373002534
CHEMBL4739695,CHEMBL5089979,CCNc1ccc2ccc(OC[C@H]3O[C@@H](n4cc(Cl)c5c(N)ncnc54)[C@@H](F)[C@@H]3O)cc2n1,8.0,10171.786861035622,-2693.0400449657914
CHEMBL4739695,CHEMBL5090241,CCc1cc(N2CCOCC2)c2ncc(OCc3cncc(-n4cc(-c5ccn(C)n5)c5c(N)ncnc54)c3)cc2n1,8.0,-28386.599700999523,-5930.151984402869
CHEMBL4739695,CHEMBL5089986,CNc1ccc2ccc(OCc3cncc(-c4cn(C5CCCC5)c5c(N)ncnc45)c3)cc2n1,8.0,-4815.253321415726,-1954.3666878131623
CHEMBL4739695,CHEMBL5093618,CCc1cc(NCCN(C)C)c2ccc(CCc3cncc(-n4cc([C@@H]5CCCO5)c5c(N)ncnc54)c3)cc2n1,8.0,-39234.10834057138,180.36890843010676
CHEMBL4739695,CHEMBL4861007,Nc1ncnc2c1c(-n1cccn1)cn2[C@@H]1O[C@H](COc2ccc3ccc(N4CCC4)nc3c2)[C@@H](O)[C@@H]1F,8.0,-10432.606460088407,-4445.794916075928
CHEMBL4739695,CHEMBL5076232,CN(C)c1ccc2ccc(CC[C@H]3C[C@@H](n4ccc5c(N)ncnc54)[C@H](O)[C@@H]3O)cc2n1,8.0,-2040.7043127018433,5533.336523482253
CHEMBL4739695,CHEMBL4854665,CNc1ccc2ccc(OC[C@H]3O[C@@H](n4cc(-c5ccn(C)n5)c5c(N)ncnc54)[C@H](O)[C@@H]3O)cc2n1,8.0,-10158.331613854902,-3840.8617093619473
CHEMBL4739695,CHEMBL5076260,C[C@H]1CCN1c1ccc2ccc(OCc3cncc(-n4cc(C5CCCC5)c5c(N)ncnc54)c3)cc2n1,8.0,-18042.104999762003,-882.5157721290984
CHEMBL4739695,CHEMBL5076321,Cn1ccc(-c2cn([C@@H]3O[C@H](COc4ccc5cnc(NC6C7CC6C7)nc5c4)[C@@H](O)[C@@H]3F)c3ncnc(N)c23)n1,8.0,-20698.98595885729,-4514.520740430767
CHEMBL4739695,CHEMBL5076340,CCc1cc(N(C)CC2CC2)c2ccc(OC[C@H]3O[C@@H](n4cc(-c5ccn(C)n5)c5c(N)ncnc54)[C@@H](F)[C@@H]3O)cc2n1,8.0,-44496.28334073218,-4048.13889573536
CHEMBL4739695,CHEMBL4852677,Nc1ncnc2c1c([C@@H]1CCCO1)cn2[C@@H]1O[C@H](COc2ccc3ccc(N4CCC4)nc3c2)[C@@H](O)[C@@H]1F,8.0,-18202.354429274495,-2392.507327422913
CHEMBL4739695,CHEMBL5088600,Cn1ccc(-c2cn([C@@H]3O[C@H](COc4ccc5ccc(C6CCC6)nc5c4)[C@@H](O)[C@@H]3F)c3ncnc(N)c23)n1,8.0,-17611.514685686554,-3697.8693639001776
CHEMBL4739695,CHEMBL5088525,CC(=O)c1cn(-c2cncc(COc3ccc4ccc(N5CCC5)nc4c3)c2)c2ncnc(N)c12,8.0,5658.452045430394,-3953.725304580435
CHEMBL4739695,CHEMBL5088927,CCc1cc(OC)c2ccc(OCc3cncc(-n4cc([C@@H]5CCCO5)c5c(N)ncnc54)c3)cc2n1,8.0,-10750.567716219799,-3895.8207872762955
CHEMBL4739695,CHEMBL5088365,CNc1ccc2ccc(OCc3cncc(-n4ccc5c(N)ncnc54)n3)cc2n1,8.0,28843.924415973906,-2867.5895794907888
CHEMBL4739695,CHEMBL5088361,CC(C)c1cc(N2CCNCC2)c2ccc(OCc3cncc(-n4ccc5c(N)ncnc54)c3)cc2n1,8.0,-16808.31098869111,-997.684419905884
CHEMBL4739695,CHEMBL5076424,Nc1ccc2ccc(OCc3cncc(-n4ccc5c(N)ncnc54)c3)cc2n1,8.0,30942.703491139757,-2354.871918869036
CHEMBL4739695,CHEMBL4850503,CCNc1ccc2ccc(OC[C@H]3O[C@@H](n4cc(C5CCCC5)c5c(N)ncnc54)[C@H](O)[C@@H]3O)cc2n1,8.0,-21885.023343647947,250.4248249150699
CHEMBL4739695,CHEMBL5076443,CNc1ccc2ccc(OC[C@H]3O[C@@H](n4cc([C@@H]5CCCO5)c5c(N)ncnc54)[C@@H](F)[C@@H]3O)cc2n1,8.0,-10449.844646070569,-2046.3641186960833
CHEMBL4739695,CHEMBL5088245,Nc1ncnc2c1ccn2[C@H]1C[C@H](O)[C@@H](COc2ccc3ccc(NC4CC4)nc3c2)O1,8.0,12140.476140444405,212.53501146407137
CHEMBL4739695,CHEMBL5076476,CCc1cc(NCCOC)c2ccc(CCc3cncc(-n4cc(-c5ccn(C)n5)c5c(N)ncnc54)c3)cc2n1,8.0,-30426.842501480645,-4409.160868802142
CHEMBL4739695,CHEMBL5088490,CCCc1cc(N)c2ccc(CCc3cncc(-n4cc(-c5ccn(C)n5)c5c(N)ncnc54)c3)cc2n1,8.0,-15733.034173890863,-3135.5461537384444
CHEMBL4739695,CHEMBL5089608,CNc1cc(CCCN2CCOCC2)c2ccc(OCc3cncc(-n4ccc5c(N)ncnc54)c3)cc2n1,8.0,-17145.583012601368,1629.9528049780765
CHEMBL4739695,CHEMBL5076079,CCc1cc(NCCOC)c2ncc(OCc3cncc(-n4cc([C@H]5CCCO5)c5c(N)ncnc54)c3)cc2n1,8.0,-23195.676833904643,-3742.308272901778
CHEMBL4739695,CHEMBL5089013,CNc1ccc2ccc(OC[C@H]3O[C@@H](n4cc(Br)c5c(N)ncnc54)[C@@H](F)[C@@H]3O)cc2n1,8.0,13554.704107855483,-5766.614518257005
CHEMBL4739695,CHEMBL5094753,CNc1ccc2ccc(OC[C@H]3O[C@@H](n4cc(-c5ccn(C)n5)c5c(N)ncnc54)[C@@H](F)[C@@H]3O)cc2n1,8.0,-8250.729970188153,-4341.880688185053
CHEMBL4739695,CHEMBL5075775,CNc1ccc2ccc(OCc3cncc(-n4cc(C5CCCC5)c5c(N)ncnc54)n3)cc2n1,8.0,-1316.1704235356258,-2164.884025114333
CHEMBL4739695,CHEMBL5090485,Nc1ncnc2c1c(Cl)cn2-c1cncc(COc2ccc3ccc(N4CCC4)nc3c2)c1,8.0,16151.793905895576,-4538.478874583853
CHEMBL4739695,CHEMBL5075777,Nc1ccc2ccc(OC[C@H]3O[C@@H](n4ccc5c(N)ncnc54)[C@H](O)[C@@H]3O)cc2n1,8.0,20464.20722896233,133.5461148289453
CHEMBL4739695,CHEMBL5089554,CNc1ccc2ccc(CC[C@H]3C[C@@H](n4ccc5c(N)ncnc54)[C@H](O)[C@@H]3O)cc2n1,8.0,3403.273455861751,4457.306415524677
CHEMBL4739695,CHEMBL4856985,Cc1coc(-c2cn([C@@H]3O[C@H](COc4ccc5ccc(N6CCC6)nc5c4)[C@@H](O)[C@@H]3F)c3ncnc(N)c23)n1,8.0,-13534.99215365554,-5028.21920570647
CHEMBL4739695,CHEMBL5089421,Nc1ncnc2c1ccn2[C@@H]1O[C@H](COc2ccc3ccc(N4CCCC4)nc3c2)[C@@H](O)[C@H]1O,8.0,2349.290670015532,1429.4163033768991
CHEMBL4739695,CHEMBL5094936,CN(C)CCNc1cc(C2CCC2)nc2cc(OCc3cncc(-n4ccc5c(N)ncnc54)c3)ccc12,8.0,-16443.467965115782,-443.7660969576981
CHEMBL4739695,CHEMBL5089242,CCc1cc(N(C)C2CC2)c2ccc(OC[C@H]3O[C@@H](n4cc(-c5ccn(C)n5)c5c(N)ncnc54)[C@@H](F)[C@@H]3O)cc2n1,8.0,-38393.34005410391,-4168.935636322745
CHEMBL4739695,CHEMBL5075890,CCc1ncc(-n2cc(Cl)c3c(N)ncnc32)cc1COc1ccc2ccc(NC)nc2c1,8.0,9911.545460785872,-4889.722872525372
CHEMBL4739695,CHEMBL5089121,CNc1ccc2sc(CC[C@H]3O[C@@H](n4cc(-c5ccn(C)n5)c5c(N)ncnc54)[C@@H](F)[C@@H]3O)cc2n1,8.0,-8042.7111905256015,-5028.31500756471
CHEMBL4739695,CHEMBL5075912,Cc1ccn(-c2cn([C@@H]3O[C@H](COc4ccc5ccc(N6CCC6)nc5c4)[C@@H](O)[C@@H]3F)c3ncnc(N)c23)n1,8.0,-15867.377135105386,-4192.547288267817
CHEMBL4739695,CHEMBL5089082,CCc1cc(N)c2ccc(OCc3cncc(-n4cc(Cl)c5c(N)ncnc54)c3)cc2n1,8.0,17927.42022083994,-3577.812161955539
CHEMBL4739695,CHEMBL5075944,CCc1cc(NCCOC)c2ccc(OCc3cncc(-n4ccc5c(N)ncnc54)c3)cc2n1,8.0,163.8389531842477,-2264.3536745528736
CHEMBL4739695,CHEMBL5089030,CCc1cc(N2CCNCC2)c2ccc(OCc3cncc(-n4cc(-c5ccn(C)n5)c5c(N)ncnc54)c3)cc2n1,8.0,-33353.67300405803,-4925.015590865347
CHEMBL4739695,CHEMBL5075947,CNc1ccc2ccc(OC[C@H]3O[C@@H](n4cc(C5CC5)c5c(N)ncnc54)[C@@H](F)[C@@H]3O)cc2n1,8.0,-598.288524255076,-1573.950421525017
CHEMBL4739695,CHEMBL5089192,CNc1ccc2ccc(OCc3nc(-n4cc(Cl)c5c(N)ncnc54)cs3)cc2n1,8.0,31205.382895821112,-6209.367090382533
CHEMBL4739695,CHEMBL5090593,Nc1ncnc2c1ccn2[C@@H]1O[C@H](COc2ccc3ccc(NC4CCC4)nc3c2)[C@@H](O)[C@@H]1F,8.0,5210.074810127544,200.15002605903513
CHEMBL4739695,CHEMBL5094398,CCNc1ccc2ccc(OC[C@H]3O[C@@H](n4cc(-c5ccn(C)n5)c5c(N)ncnc54)[C@@H](F)[C@@H]3O)cc2n1,8.0,-12984.533217111804,-4173.290936018568
CHEMBL4739695,CHEMBL5093847,CCc1cc(N(C)C)c2ccc(OCc3cncc(-n4ccc5c(N)ncnc54)c3)cc2n1.O=C(O)C(F)(F)F,8.0,6524.234827096018,-985.8017141931389
CHEMBL4739695,CHEMBL5092445,Nc1ncnc2c1c(C1CCCO1)cn2-c1cncc(CCc2ccc3ccc(N4CCC4)nc3c2)c1,8.0,-13456.884746399486,-2166.9189959840155
CHEMBL4739695,CHEMBL5073066,Nc1ncnc2c1c(CO)cn2[C@@H]1O[C@H](COc2ccc3ccc(N4CCC4)nc3c2)[C@@H](O)[C@@H]1F,8.0,-596.1043669067844,-939.9541585564837
CHEMBL4739695,CHEMBL5073086,CCCC(=O)c1cn(-c2cncc(COc3ccc4ccc(NC)nc4c3)c2)c2ncnc(N)c12,8.0,1478.6209513414972,-4354.900577197903
CHEMBL4739695,CHEMBL5092318,CCNc1ccc2ccc(CCc3cncc(-n4cc([C@@H]5CCCO5)c5c(N)ncnc54)c3)cc2n1,8.0,-10525.363345407934,-1914.7114729565876
CHEMBL4739695,CHEMBL5093874,CNc1ccc2ccc(OC[C@H]3O[C@@H](n4cc(-c5ccn(C6COC6)n5)c5c(N)ncnc54)[C@@H](F)[C@@H]3O)cc2n1,8.0,-18087.422716785997,-4506.805636337502
CHEMBL4739695,CHEMBL5094008,CNc1ccc2ccc(OCc3cncc(-n4cc(C5CCCO5)c5c(N)ncnc54)c3)cc2n1,8.0,-172.36124531155596,-3536.3225679940897
CHEMBL4739695,CHEMBL5092065,CNc1ccc2ccc(OCc3cccc(-n4cc(Cl)c5c(N)ncnc54)n3)cc2n1,8.0,24124.989530099076,-5001.088581469232
CHEMBL4739695,CHEMBL5071358,Cn1ccc(-c2cn(-c3cncc(COc4ccc5ccc(N6CC(=O)C6)nc5c4)c3)c3ncnc(N)c23)n1,8.0,-5646.3503254922925,-6905.973583160123
CHEMBL4739695,CHEMBL5073348,Cn1ccc(-c2cn(-c3cncc(COc4ccc5ccc(N6CC7(CC7)C6)nc5c4)c3)c3ncnc(N)c23)n1,8.0,-13340.051513084129,-4758.922601204624
CHEMBL4739695,CHEMBL5091930,CCNc1ccc2ccc(OCc3cncc(-n4cc(Cl)c5c(N)ncnc54)c3)cc2n1,8.0,19039.80902533166,-4338.359759320172
CHEMBL4739695,CHEMBL5073707,CNc1ccc2ccc(OC[C@H]3O[C@@H](n4cc(CC5CCCC5)c5c(N)ncnc54)[C@H](O)[C@@H]3O)cc2n1,8.0,-21966.89504303916,678.7059005755902
CHEMBL4739695,CHEMBL5091853,Nc1ncnc2c(-c3cncc(COc4ccc5ccc(N6CCC6)nc5c4)c3)c[nH]c12,8.0,18441.38417494347,-2406.2164812853825
CHEMBL4739695,CHEMBL5073959,Nc1ncnc2c1ccn2[C@@H]1O[C@H](COc2ccc3ccc(N4CC(N)C4)nc3c2)[C@@H](O)[C@@H]1F,8.0,6367.647588316954,405.25627813258023
CHEMBL4739695,CHEMBL5091802,Cn1ccc(-c2cn(-c3cncc(COc4ccc5ccc(N6CC(F)C6)nc5c4)c3)c3ncnc(N)c23)n1,8.0,-7096.150555930207,-6391.865267064092
CHEMBL4739695,CHEMBL5074036,CCc1cc(N(C)CC2CC2)c2ccc(OCc3cncc(-n4cc(-c5ccn(C)n5)c5c(N)ncnc54)c3)cc2n1,8.0,-34632.68985948731,-5525.7489590833065
CHEMBL4739695,CHEMBL5091748,CNc1ccc2ccc(OC[C@H]3O[C@@H](n4cc(C(O)C5CC5)c5c(N)ncnc54)[C@H](O)[C@@H]3O)cc2n1,8.0,-12556.70810578477,-1414.6517302578704
CHEMBL4739695,CHEMBL5072769,CNc1ccc2ccc(OC[C@H]3O[C@@H](n4cc(Cl)c5c(N)ncnc54)[C@H](O)[C@@H]3O)cc2n1,8.0,13112.295245441981,-2282.025386293754
CHEMBL4739695,CHEMBL5074595,Cn1ccc(-c2cn([C@@H]3O[C@H](CCC4CCNCC4)[C@@H](O)[C@@H]3F)c3ncnc(N)c23)n1,8.0,-4107.7580093181405,3147.797005745526
CHEMBL4739695,CHEMBL5092575,CC1(C)COC(c2cn([C@@H]3O[C@H](COc4ccc5ccc(N6CCC6)nc5c4)[C@@H](O)[C@@H]3F)c3ncnc(N)c23)=N1,8.0,-23283.963296548693,-2631.2066884426645
CHEMBL4739695,CHEMBL5072684,CNc1ccc2ccc(CC[C@H]3C[C@@H](n4cc(C5CCCCC5)c5c(N)ncnc54)[C@H](O)[C@@H]3O)cc2n1,8.0,-37881.794816382084,5280.69374892405
CHEMBL4739695,CHEMBL5093518,Cc1cc(NCCN(C)C)c2ccc(OCc3cncc(-n4cc(Cl)c5c(N)ncnc54)c3)cc2n1,8.0,-2670.6092439637446,-1762.0827201677241
CHEMBL4739695,CHEMBL5093496,CCNc1ccc2ccc(OC[C@H]3C[C@@H](n4ccc5c(N)ncnc54)[C@H](O)[C@@H]3O)cc2n1,8.0,4946.359210435866,2769.5289151447787
CHEMBL4739695,CHEMBL5093481,CCc1cc(N2CCOCC2)c2ccc(OC[C@H]3O[C@@H](n4cc(-c5ccn(C)n5)c5c(N)ncnc54)[C@@H](F)[C@@H]3O)cc2n1,8.0,-41480.725280364786,-4339.977843209725
CHEMBL4739695,CHEMBL5093468,Cn1ccc(-c2cn([C@@H]3O[C@H](COc4ccc5ccc(N[C@H]6C[C@H](N)C6)nc5c4)[C@@H](O)[C@@H]3F)c3ncnc(N)c23)n1,8.0,-23762.92614055178,-2800.106108430348
CHEMBL4739695,CHEMBL5093452,Nc1ncnc2c1c(C1CCCC1)cn2[C@@H]1O[C@H](COc2ccc3ccc(N4CCC4)nc3c2)[C@@H](O)[C@@H]1F,8.0,-22979.40651866304,-727.3883292436783
CHEMBL4739695,CHEMBL5093423,Cn1ccc(-c2cn([C@@H]3O[C@H](COc4ccc5sc(N6CCC6)nc5c4)[C@@H](O)[C@@H]3F)c3ncnc(N)c23)n1,8.0,-10556.171140877346,-6466.041786962755
CHEMBL4739695,CHEMBL5093687,CCc1cc(C)c2ccc(OCc3cncc(-n4cc([C@@H]5CCCO5)c5c(N)ncnc54)c3)cc2n1,8.0,-7812.630960608019,-2394.5887736455193
CHEMBL4739695,CHEMBL5072203,CCc1cc(NCCN(C)C)c2ccc(OCc3cncc(-n4ccc5c(N)ncnc54)n3)cc2n1,8.0,-4114.458094446561,-491.7692796108931
CHEMBL4739695,CHEMBL5093104,CNc1ccc2ccc(OC[C@H]3O[C@@H](n4cc(-c5cc[nH]n5)c5c(N)ncnc54)[C@@H](F)[C@@H]3O)cc2n1,8.0,-2677.576132649222,-4208.678596919638
CHEMBL4739695,CHEMBL5071519,CC(C)c1cc(N2CCC2)c2ccc(OCc3cncc(-n4ccc5c(N)ncnc54)c3)cc2n1,8.0,-3942.0115688628143,-2029.4515326305432
CHEMBL4739695,CHEMBL5072292,CN(CCO)c1ccc2ccc(OCc3cncc(-n4cc(-c5ccn(C)n5)c5c(N)ncnc54)c3)cc2n1,8.0,-11505.278036105341,-4521.14075086502
CHEMBL4739695,CHEMBL5093021,CNc1ccc2ccc(CCc3cncc(-n4cc(-c5ccn(C)n5)c5c(N)ncnc54)c3)cc2n1,8.0,-3965.0667228588845,-4303.351917600643
CHEMBL4739695,CHEMBL5093009,CNc1ccc2ccc(OCc3cc(-n4cc(Cl)c5c(N)ncnc54)cnc3NC)cc2n1,8.0,12243.444681982024,-5106.101244030456
CHEMBL4739695,CHEMBL5092927,CNc1ccc2ccc(OCc3cccc(-n4ccc5c(N)ncnc54)c3)cc2n1,8.0,23640.40084094991,-2238.280038126822
CHEMBL4739695,CHEMBL5092824,CCc1cc(NCCOC)c2ncc(OCc3cncc(-n4cc([C@@H]5CCCO5)c5c(N)ncnc54)c3)cc2n1,8.0,-23195.676833904643,-3742.308272901778
CHEMBL4739695,CHEMBL5072465,Nc1ccc2ccc(CC[C@H]3C[C@@H](n4cc(Br)c5c(N)ncnc54)[C@H](O)[C@@H]3O)cc2n1,8.0,4291.2861935268675,-973.6442247102409
CHEMBL4739695,CHEMBL5092631,CNc1ccc2ccc(OC[C@H]3O[C@@H](n4cc(-c5cn(C)cn5)c5c(N)ncnc54)[C@@H](F)[C@@H]3O)cc2n1,8.0,-8214.00573912464,-4077.6441461609384
CHEMBL4739695,CHEMBL5072766,Nc1ncnc2c1c([C@H]1CCCO1)cn2-c1cncc(COc2ccc3ccc(N4CCC4)nc3c2)n1,8.0,-4472.353982575022,-3944.8282617446853
CHEMBL4739695,CHEMBL5090516,CCc1cc(NCCOC)c2c(F)cc(OCc3cncc(-n4cc([C@@H]5CCCO5)c5c(N)ncnc54)c3)cc2n1,8.0,-28282.304686612795,-4665.255740086509
CHEMBL4739695,CHEMBL5091678,Nc1ncnc2c1ccn2[C@@H]1O[C@H](COc2ccc3ccc(N4CCOCC4)nc3c2)[C@@H](O)[C@H]1O,8.0,-347.06876318347963,1396.8266216663988
CHEMBL4739695,CHEMBL5091630,CCNc1ccc2ccc(CC[C@H]3C[C@@H](n4cc(C5CCCC5)c5c(N)ncnc54)[C@H](O)[C@@H]3O)cc2n1,8.0,-35588.67315857874,4151.436158260206
CHEMBL4739695,CHEMBL5090906,Cn1ccc(-c2cn([C@@H]3O[C@H](CCc4ccc5cnc(N6CCC6)nc5c4)[C@@H](O)[C@@H]3F)c3ncnc(N)c23)n1,8.0,-19993.05389504816,-3191.5858603474744
CHEMBL4739695,CHEMBL5090894,CCc1cc(N2CCOCC2)c2ccc(OCc3cncc(-n4ccc5c(N)ncnc54)c3)cc2n1,8.0,-7108.284459967518,-2271.827672820439
CHEMBL4739695,CHEMBL5074868,Nc1ncnc2c1ccn2[C@H]1C[C@H](O)[C@@H](COc2ccc3ccc(N4CCC4)nc3c2)O1,8.0,11723.698927500103,576.021524892553
CHEMBL4739695,CHEMBL5094279,CNc1ccc2ccc(OCc3cncc(-n4cc([C@@H]5CCCO5)c5c(N)ncnc54)c3)cc2n1,8.0,-172.36124531155596,-3536.3225679940897
CHEMBL4739695,CHEMBL5074884,CCc1cc(N2CCOCC2)c2ccc(OCc3cncc(-n4cc([C@@H]5CCCO5)c5c(N)ncnc54)c3)cc2n1,8.0,-33405.63763140189,-3550.1015846510586
CHEMBL4739695,CHEMBL5074903,CCc1cc(N)c2ccc(OCc3cncc(-n4ccc5c(N)ncnc54)c3)cc2n1,8.0,20245.431046750098,-1388.6307131315405
CHEMBL4739695,CHEMBL5094289,CC(C)c1cc(N)c2ccc(OCc3cncc(-n4ccc5c(N)ncnc54)c3)cc2n1,8.0,14109.96664652765,-323.0289684389826
CHEMBL4739695,CHEMBL5090810,CC(C)c1cc(N)c2ccc(CCc3cncc(-n4cc(C5CCCC5)c5c(N)ncnc54)c3)cc2n1,8.0,-22830.25450262683,1510.1210414314169
CHEMBL4739695,CHEMBL5090709,CCc1cc(N(C)C2CC2)c2ccc(OCc3cncc(-n4cc(-c5ccn(C)n5)c5c(N)ncnc54)c3)cc2n1,8.0,-28536.70200693428,-5663.419593237239
CHEMBL4739695,CHEMBL5094336,Nc1ncnc2c1c(Br)cn2[C@@H]1O[C@H](COc2ccc3ccc(N4CCCC4)nc3c2)[C@@H](O)[C@H]1O,8.0,-1543.893987306258,-3992.8446770572996
CHEMBL4739695,CHEMBL5090690,CCc1cc(N2CCN(C)CC2)c2ccc(OCc3cncc(-n4ccc5c(N)ncnc54)c3)cc2n1,8.0,-14495.000333614207,400.89941044857625
CHEMBL4739695,CHEMBL5090607,CCc1cc(N(C)CCN(C)C)c2ccc(CCc3cncc(-n4cc(-c5ccn(C)n5)c5c(N)ncnc54)c3)cc2n1,8.0,-47493.192518088166,-1886.7375010904682
CHEMBL4739695,CHEMBL5074952,Nc1ncnc2c1c([C@@H]1CCCO1)cn2-c1cncc(COc2ccc3ccc(N4CCC4)nc3c2)n1,8.0,-4472.353982575022,-3944.8282617446853
CHEMBL4739695,CHEMBL5093663,CNc1ccc2ccc(OC[C@H]3O[C@@H](n4cc(C5=CCN(C)CC5)c5c(N)ncnc54)[C@@H](F)[C@@H]3O)cc2n1,8.0,-20953.767458894,-637.8383737782799
CHEMBL4739695,CHEMBL5094343,CS(=O)(=O)c1cn(-c2cncc(COc3ccc4ccc(N5CCC5)nc4c3)c2)c2ncnc(N)c12,8.0,1681.8253629139156,-5443.736639005498
CHEMBL4739695,CHEMBL5090561,CCNc1ccc2ccc(CCc3cncc(-n4cc([C@H]5CCCO5)c5c(N)ncnc54)c3)cc2n1,8.0,-10525.363345407934,-1914.7114729565876
CHEMBL4739695,CHEMBL5094367,Cn1ccc(-c2cn(-c3cncc(CCc4ccc5ccc(N6CCC6)nc5c4)c3)c3ncnc(N)c23)n1,8.0,-11668.116169853398,-4433.765808461502
CHEMBL4739695,CHEMBL5091089,CNc1ccc2ccc(OCc3cncc(-n4cc(C(C)C5CC5)c5c(N)ncnc54)c3)cc2n1,8.0,-5094.974704153126,-2073.072224759878
CHEMBL4739695,CHEMBL5091633,Nc1ncnc2c1c(-n1ccc(C(F)(F)F)n1)cn2[C@H]1C[C@H](O)[C@@H](COc2ccc3ccc(N4CCC4)nc3c2)O1,8.0,-17325.933842445826,-5048.422979932439
CHEMBL4739695,CHEMBL5091105,C[C@@H]1CCN1c1ccc2ccc(OCc3cncc(-n4cc(C5CCCC5)c5c(N)ncnc54)c3)cc2n1,8.0,-18042.104999762003,-882.5157721290984
CHEMBL4739695,CHEMBL5070057,CCNc1ccc2ccc(OCc3cncc(-n4cc(-c5ccn(C)n5)c5c(N)ncnc54)c3)cc2n1,8.0,-3163.9125182260786,-5673.254562646386
CHEMBL4739695,CHEMBL5071321,Nc1ncnc2c1c([C@@H]1CCCO1)cn2-c1cncc(COc2ccc3ccc(N4CCC4)nc3c2)c1,8.0,-7795.118704992691,-3605.115973024139
CHEMBL4739695,CHEMBL5091620,CNc1ccc2ccc(OC[C@H]3O[C@@H](n4cc(-c5cccc(C)n5)c5c(N)ncnc54)[C@@H](F)[C@@H]3O)cc2n1,8.0,-13490.988007605441,-5023.687350488078
CHEMBL4739695,CHEMBL5071272,CNc1ccc2ccc(OC[C@H]3O[C@@H](n4cc(C5CCC(F)(F)CC5)c5c(N)ncnc54)[C@H](O)[C@@H]3O)cc2n1,8.0,-26826.23583810006,277.53067978386895
CHEMBL4739695,CHEMBL5091580,Cn1ccc(-c2cn(-c3cncc(COc4ccc5ccc(N6CC(F)(F)C6)nc5c4)c3)c3ncnc(N)c23)n1,8.0,-8221.689028943776,-6937.110977754928
CHEMBL4739695,CHEMBL5091528,CNc1ccc2ccc(OC[C@H]3O[C@@H](n4cc(C5CCCCC5)c5c(N)ncnc54)[C@H](O)[C@@H]3O)cc2n1,8.0,-24150.70035986231,1302.274706894479
CHEMBL4739695,CHEMBL5074670,Cn1ccc(-c2cn(-c3cncc(CCc4ccc5ccc(N)nc5c4)c3)c3ncnc(N)c23)n1,8.0,925.5368149399956,-4315.175294865392
CHEMBL4739695,CHEMBL5091491,Nc1ncnc2c1c(-n1cccn1)cn2[C@@H]1C[C@H](CCc2cc3nc(N4CCC4)ccc3cc2F)[C@@H](O)C1,8.0,-22856.634023376893,83.48736749694152
CHEMBL4739695,CHEMBL5091459,CCc1cc(N(C)C2CC2)c2ccc(OC[C@H]3O[C@@H](n4ccc5c(N)ncnc54)C[C@@H]3O)cc2n1,8.0,-10786.629934707456,788.5512822574499
CHEMBL4739695,CHEMBL5070418,CNc1ccc2ccc(OCc3cccc(-n4cc(C5CC5)c5c(N)ncnc54)c3)cc2n1,8.0,6608.772190542375,-3171.1093172436863
CHEMBL4739695,CHEMBL5074676,CCNc1ccc2ccc(OCc3cccc(-n4cc(Cl)c5c(N)ncnc54)c3)cc2n1,8.0,16524.053049604667,-4312.915458930883
CHEMBL4739695,CHEMBL5074691,CNc1ccc2ccc(OC[C@H]3O[C@@H](n4cc(C5CCCC5)c5c(N)ncnc54)C[C@@H]3O)cc2n1,8.0,-12797.585327494131,904.4557016976541
CHEMBL4739695,CHEMBL5080232,CCc1cc(N(C)C2CC2)c2ccc(OCc3cncc(-n4cc([C@@H]5CCCO5)c5c(N)ncnc54)n3)cc2n1,8.0,-27008.07155969089,-3706.2920541040876
CHEMBL4739695,CHEMBL5091282,CNc1ccc2ccc(CCc3cncc(-n4ccc5c(N)ncnc54)c3)cc2n1,8.0,20525.24618440823,-800.6816718770139
CHEMBL4739695,CHEMBL5094222,Cn1ccc(-c2cn([C@@H]3O[C@H](COc4ccc5ccc(NC6CCC6)nc5c4)[C@@H](O)[C@@H]3F)c3ncnc(N)c23)n1,8.0,-20477.41666353195,-3861.8829806497474
CHEMBL4739695,CHEMBL5070246,CCc1cc(N)c2ccc(OC[C@H]3O[C@@H](n4cc(-c5ccn(C)n5)c5c(N)ncnc54)[C@@H](F)[C@@H]3O)cc2n1,8.0,-14100.329660686712,-3415.462783283878
CHEMBL4739695,CHEMBL5094227,CNc1ccc2ccc(CC[C@H]3C[C@@H](n4cc(C5CCCC5)c5c(N)ncnc54)[C@H](O)[C@@H]3O)cc2n1,8.0,-30827.5288182334,4006.965377054694
CHEMBL4739695,CHEMBL5074705,CC(=O)NC1CN(c2ccc3ccc(OCc4cncc(-n5cc(-c6ccn(C)n6)c6c(N)ncnc65)c4)cc3n2)C1,8.0,-17965.37135798558,-4846.211432724152
CHEMBL4739695,CHEMBL5074776,Nc1ncnc2c1c([C@H]1CCCO1)cn2-c1cncc(COc2ccc3ccc(N4CCC4)nc3c2)c1,8.0,-7795.118704992691,-3605.115973024139
CHEMBL4739695,CHEMBL5091388,CCc1cc(NC)c2ccc(CCc3cncc(-n4cc(-c5ccn(C)n5)c5c(N)ncnc54)c3)cc2n1,8.0,-16887.036079303845,-3854.768294720445
CHEMBL4739695,CHEMBL5080326,C=CCc1cn([C@@H]2O[C@H](COc3ccc4ccc(NC)nc4c3)[C@@H](O)[C@H]2O)c2ncnc(N)c12,8.0,-1828.7936685976522,-966.6952530511423
CHEMBL4739695,CHEMBL5087856,CNc1ccc2ccc(OCc3cc(-n4cc(Cl)c5c(N)ncnc54)cnc3N)cc2n1,8.0,18249.704125052773,-4705.7988769442345
CHEMBL4739695,CHEMBL5083246,COCc1cn(-c2cncc(COc3ccc4ccc(N5CCC5)nc4c3)c2)c2ncnc(N)c12,8.0,2979.285437754272,-3106.288649165503
CHEMBL4739695,CHEMBL5083208,Cn1ccc(-c2cn(-c3cncc(CSc4ccc5ccc(N6CCC6)nc5c4)c3)c3ncnc(N)c23)n1,8.0,-7720.113129692076,-7929.035951132989
CHEMBL4739695,CHEMBL5083160,CNc1ccc2ccc(OCc3cc(CO)cc(-n4ccc5c(N)ncnc54)c3)cc2n1,8.0,12918.843213451491,-3360.6021803203166
CHEMBL4739695,CHEMBL5083121,CNc1ccc2ccc(CCc3cncc(-n4cc(C5CCCC5)c5c(N)ncnc54)n3)cc2n1,8.0,-6792.413393464469,-696.6138742944236
CHEMBL4739695,CHEMBL5078534,CNc1ccc2cc(OC[C@H]3O[C@@H](n4cc(C)c5c(N)ncnc54)[C@H](O)[C@@H]3O)ccc2n1,8.0,8348.201217005351,592.2156425823177
CHEMBL4739695,CHEMBL5082853,CNc1ccc2ccc(OC[C@H]3O[C@@H](n4cc(-c5cnn(C)c5)c5c(N)ncnc54)[C@@H](F)[C@@H]3O)cc2n1,8.0,-8613.023825816881,-4150.010756669965
CHEMBL4739695,CHEMBL5082845,CNc1ccc2ccc(OCc3cccc(-n4ccc5c(N)ncnc54)c3F)cc2n1,8.0,21552.321540925277,-3321.741290565095
CHEMBL4739695,CHEMBL5082612,CCc1cc(NCCOC)c2ncc(CCc3cncc(-n4cc(-c5ccn(C)n5)c5c(N)ncnc54)c3)cc2n1,8.0,-27372.30112496102,-4660.818339836982
CHEMBL4739695,CHEMBL5078634,CCc1cc(N(C)CC2CC2)c2ccc(OC[C@H]3O[C@@H](n4cc(-c5ccn(C)n5)c5c(N)ncnc54)C[C@@H]3O)cc2n1,8.0,-42191.15522541135,-2801.107647955835
CHEMBL4739695,CHEMBL5078635,Cn1ccc(-c2cn(-c3cncc(COc4ccc5ccc(N6CCOCC6)nc5c4)c3)c3ncnc(N)c23)n1,8.0,-14364.739423916839,-4627.526984821421
CHEMBL4739695,CHEMBL5082387,CCNc1ccc2ccc(CCc3cncc(-n4cc([C@H]5CCCO5)c5c(N)ncnc54)n3)cc2n1,8.0,-7082.868474776047,-2271.0310748179945
CHEMBL4739695,CHEMBL5082381,CCc1cc(N2CCOCC2)c2ccc(OCc3cncc(-n4cc([C@H]5CCCO5)c5c(N)ncnc54)c3)cc2n1,8.0,-33405.63763140189,-3550.1015846510586
CHEMBL4739695,CHEMBL5082370,CNc1ccc2ccc(OCc3cncc(-n4cc(Cl)c5c(N)ncnc54)n3)cc2n1,8.0,26579.171757393855,-5028.529196896362
CHEMBL4739695,CHEMBL5082368,CNc1ccc2ccc(OCc3cncc(-n4cc([C@H]5CCCO5)c5c(N)ncnc54)c3)cc2n1,8.0,-172.36124531155596,-3536.3225679940897
CHEMBL4739695,CHEMBL5078766,CNc1ccc2ccc(OC[C@H]3O[C@@H](n4cc(-c5ccn(C(C)C)n5)c5c(N)ncnc54)[C@@H](F)[C@@H]3O)cc2n1,8.0,-18611.931555367337,-2733.145268174641
CHEMBL4739695,CHEMBL5082342,CCc1cc(NC)c2ccc(OCc3cncc(-n4cc(-c5ccn(C)n5)c5c(N)ncnc54)c3)cc2n1,8.0,-10814.882491891405,-5244.9202083625105
CHEMBL4739695,CHEMBL5079092,Cn1ccc(-c2cn(-c3cncc(COc4ccc5ccc(N6CC(N)C6)nc5c4)c3)c3ncnc(N)c23)n1,8.0,-9430.34516935762,-5082.343841331806
CHEMBL4739695,CHEMBL5082340,CNc1ccc2ccc(OCc3cncc(-n4c(C)cc5c(N)ncnc54)c3)cc2n1,8.0,18660.289374657765,-2085.9199324511346
CHEMBL4739695,CHEMBL5079121,CNc1ccc2ccc(CCc3cncc(-n4cc(Cl)c5c(N)ncnc54)c3)cc2n1,8.0,18190.715440577347,-2978.472712363706
CHEMBL4739695,CHEMBL5083248,CNc1ccc2ccc(OCc3cncc(-n4ccc5c(C)ncnc54)c3)cc2n1,8.0,24525.4731410267,-2042.6747676733721
CHEMBL4739695,CHEMBL5082315,CCNc1ccc2ccc(OCc3cncc(-n4cc([C@@H]5CCCO5)c5c(N)ncnc54)c3)cc2n1,8.0,-4909.080234119897,-3404.8678469128613
CHEMBL4739695,CHEMBL5083485,CNc1ccc2ccc(OC[C@H]3O[C@@H](n4cc([C@H]5CCCO5)c5c(N)ncnc54)[C@@H](F)[C@@H]3O)cc2n1,8.0,-10449.844646070569,-2046.3641186960833
CHEMBL4739695,CHEMBL5078462,CNc1ccc2ccc(OCc3cc(O)cc(-n4cc(Cl)c5c(N)ncnc54)c3)cc2n1,8.0,17741.23076147498,-5455.620214892411
CHEMBL4739695,CHEMBL5085014,CNc1ccc2ccc(CC[C@H]3C[C@@H](n4cc(C5CCOCC5)c5c(N)ncnc54)[C@H](O)[C@@H]3O)cc2n1,8.0,-34276.029957036204,3752.001626272699
CHEMBL4739695,CHEMBL5084990,Cn1ccc(-c2cn([C@H]3C[C@H](O)[C@@H](COc4ccc5ccc(NC6CC6)nc5c4)O3)c3ncnc(N)c23)n1,8.0,-13147.273279179679,-3499.0308510616846
CHEMBL4739695,CHEMBL5084980,CCc1cc(NC(C)=O)c2ccc(OCc3cncc(-n4cc([C@@H]5CCCO5)c5c(N)ncnc54)c3)cc2n1,8.0,-18314.66848536874,-4884.770387711274
CHEMBL4739695,CHEMBL5084794,CCNc1ccc2ccc(OCc3cncc(-n4cc([C@H]5CCCO5)c5c(N)ncnc54)c3)cc2n1,8.0,-4909.080234119897,-3404.8678469128613
CHEMBL4739695,CHEMBL5078163,CCc1cc(NCCOC)c2c(F)cc(CCc3cncc(-n4cc(-c5ccn(C)n5)c5c(N)ncnc54)c3)cc2n1,8.0,-32638.528567571953,-5554.491256682396
CHEMBL4739695,CHEMBL5078206,CCNc1ccc2ccc(CC[C@H]3C[C@@H](n4cc(-n5cccn5)c5c(N)ncnc54)C[C@@H]3O)cc2n1,8.0,-17950.838154669756,1297.7111321817356
CHEMBL4739695,CHEMBL5084597,CNc1ccc2ccc(OCc3cncc(-n4cc(-c5ccnn5C)c5c(N)ncnc54)c3)cc2n1,8.0,62.59108100340471,-5599.88409997666
CHEMBL4739695,CHEMBL5078232,CNc1ccc2ccc(CC[C@H]3O[C@@H](n4cc(C5CCCC5)c5c(N)ncnc54)[C@H](O)[C@@H]3O)cc2n1,8.0,-23191.79967658597,1833.7990927006394
CHEMBL4739695,CHEMBL5084566,Cc1cc(N)c2ccc(OC[C@H]3O[C@@H](n4cc(Br)c5c(N)ncnc54)[C@@H](F)[C@@H]3O)cc2n1,8.0,13255.561619328148,-4832.7210199360015
CHEMBL4739695,CHEMBL5078250,CNc1ccc2ccc(CC[C@H]3C[C@@H](n4cc(C)c5c(N)ncnc54)[C@H](O)[C@@H]3O)cc2n1,8.0,-4524.575946722777,4561.793486014034
CHEMBL4739695,CHEMBL5084255,CNc1ccc2ccc(OCc3cccc(-n4cc(Br)c5c(N)ncnc54)c3)cc2n1,8.0,20001.14463276847,-7160.374359882828
CHEMBL4739695,CHEMBL5084223,CC(C)c1nc(N)c2ccc(OCc3cncc(-n4ccc5c(N)ncnc54)c3)cc2n1,8.0,15934.205637965388,-1271.8163426994445
CHEMBL4739695,CHEMBL5078304,CNc1ccc2ccc(OC[C@H]3O[C@@H](n4cc(Cl)c5c(N)ncnc54)[C@@H](F)[C@@H]3O)cc2n1,8.0,14930.908240227747,-2803.43138913096
CHEMBL4739695,CHEMBL5078336,CNc1ccc2ccc(OC[C@H]3O[C@@H](n4cc(C(F)(F)F)c5c(N)ncnc54)[C@@H](F)[C@@H]3O)cc2n1,8.0,5219.292968070879,-2942.375818701673
CHEMBL4739695,CHEMBL5084083,CNc1ccc2ccc(OCc3cc(F)cc(-n4cc(Cl)c5c(N)ncnc54)c3)cc2n1,8.0,19305.67126413242,-5646.069438477871
CHEMBL4739695,CHEMBL5078375,CNc1nc2cc(OC[C@H]3O[C@@H](n4cc(-c5ccn(C)n5)c5c(N)ncnc54)[C@@H](F)[C@@H]3O)ccc2[nH]1,8.0,-4189.323977800205,-4145.091967851663
CHEMBL4739695,CHEMBL5078397,CNc1ccc2ccc(OC[C@H]3O[C@@H](n4cc(C5CCN(C)CC5)c5c(N)ncnc54)[C@@H](F)[C@@H]3O)cc2n1,8.0,-26182.042912542212,2080.511079125277
CHEMBL4739695,CHEMBL5078459,CCCC(=O)c1cn([C@@H]2O[C@H](COc3ccc4ccc(NC)nc4c3)[C@@H](O)[C@@H]2F)c2ncnc(N)c12,8.0,-8372.919019140678,-2833.6292574076697
CHEMBL4739695,CHEMBL5083552,Cn1ccc(-c2cn([C@@H]3O[C@H](COc4ccc5ccc(N6CC(N)C6)nc5c4)[C@@H](O)[C@@H]3F)c3ncnc(N)c23)n1,8.0,-19305.440265892055,-3623.4110371462234
CHEMBL4739695,CHEMBL5083498,CCc1cc(NCCOC)c2c(F)cc(OCc3cncc(-n4cc(-c5ccn(C)n5)c5c(N)ncnc54)c3)cc2n1,8.0,-26494.637253570243,-6935.568621797569
CHEMBL4739695,CHEMBL5085034,COCCN(C)C(=O)c1cn([C@@H]2O[C@H](COc3ccc4ccc(N5CCC5)nc4c3)[C@@H](O)[C@@H]2F)c2ncnc(N)c12,8.0,-28517.59925788408,-2720.078618505951
CHEMBL4739695,CHEMBL5079210,CNc1ccc2ccc(OCc3cc(-n4cc(Cl)c5c(N)ncnc54)ccc3F)cc2n1,8.0,19327.064573378386,-5522.377569705136
CHEMBL4739695,CHEMBL5082063,Nc1ncnc2c1c(-n1cccn1)cn2[C@H]1C[C@H](O)[C@@H](COc2ccc3ccc(N4CCC4)nc3c2)O1,8.0,-8024.870366550897,-2937.0844979232
CHEMBL4739695,CHEMBL5079855,CCc1cc(NCCN(C)C)c2c(F)cc(CCc3cncc(-n4cc(-c5ccn(C)n5)c5c(N)ncnc54)c3)cc2n1,8.0,-39728.06067597237,-3251.2191742749883
CHEMBL4739695,CHEMBL5081061,CNc1ccc2ccc(OCc3cc(CO)cc(-c4c[nH]c5c(N)ncnc45)c3)cc2n1,8.0,12884.183829211572,-3462.027745757067
CHEMBL4739695,CHEMBL5079874,CNc1ccc2ccc(OCc3cccc(-n4cc(C5CCCC5)c5c(N)ncnc54)c3)cc2n1,8.0,-7505.453916505682,-1900.1811095955609
CHEMBL4739695,CHEMBL5080997,Nc1ncnc2c1c(-c1cnccn1)cn2[C@@H]1O[C@H](COc2ccc3ccc(N4CCC4)nc3c2)[C@@H](O)[C@@H]1F,8.0,-13135.177858003113,-5098.841773454836
CHEMBL4739695,CHEMBL5080890,CNc1ccc2ccc(OC[C@H]3O[C@@H](n4cc(Br)c5c(N)ncnc54)C[C@@H]3O)cc2n1,8.0,15659.735243594558,-4478.823385325494
CHEMBL4739695,CHEMBL5080806,CNc1ccc2ccc(OCc3cncc(-n4cc(-c5ccc(CNCCS(C)(=O)=O)o5)c5c(N)ncnc54)c3)cc2n1.O=C(O)C(F)(F)F,8.0,-21439.541406664914,-5041.589478311966
CHEMBL4739695,CHEMBL5079977,Cn1ccc(-c2cn([C@H]3C[C@H](O)[C@@H](CCc4ccc5ccc(N6CCC6)nc5c4)O3)c3ncnc(N)c23)n1,8.0,-19484.74723307913,-1383.225692592996
CHEMBL4739695,CHEMBL5080767,CCc1cc(N)c2ccc(OC[C@H]3O[C@@H](n4cc(Br)c5c(N)ncnc54)[C@@H](F)[C@@H]3O)cc2n1,8.0,7685.7466150505525,-4889.001373742303
CHEMBL4739695,CHEMBL5080762,Cn1ccc(-c2cn([C@@H]3O[C@H](COc4ccc5cnc(NC6CC6)nc5c4)[C@@H](O)[C@@H]3F)c3ncnc(N)c23)n1,8.0,-13719.778883731138,-5231.076388874296
CHEMBL4739695,CHEMBL5080001,CN(C)c1ccc2ccc(OC[C@H]3O[C@@H](n4ccc5c(N)ncnc54)[C@H](O)[C@@H]3O)cc2n1,8.0,10223.407758274981,1315.093318106185
CHEMBL4739695,CHEMBL5080013,Nc1ncnc2c1c(-c1ncco1)cn2[C@@H]1O[C@H](COc2ccc3ccc(N4CCC4)nc3c2)[C@@H](O)[C@@H]1F,8.0,-8306.571576244636,-5122.321875287993
CHEMBL4739695,CHEMBL5080707,CCc1cc(NCCN(C)C)c2c(F)cc(OCc3cncc(-n4cc(-c5ccn(C)n5)c5c(N)ncnc54)c3)cc2n1,8.0,-33581.321735564285,-4631.139633256494
CHEMBL4739695,CHEMBL5080060,Nc1ccc2ccc(CO[C@H]3C[C@@H](n4ccc5c(N)ncnc54)[C@H](O)[C@@H]3O)cc2n1,8.0,14557.27574789687,2294.3946771106685
CHEMBL4739695,CHEMBL5080700,CNc1ccc2ccc(OC[C@H]3O[C@@H](n4cc(C5=CCNC5)c5c(N)ncnc54)[C@@H](F)[C@@H]3O)cc2n1,8.0,-8680.512301235616,-2863.815226994128
CHEMBL4739695,CHEMBL5080588,Cc1cc(NCCN(C)CCCc2ccccc2)c2ccc(OCc3cncc(-n4ccc5c(N)ncnc54)c3)cc2n1,8.0,-29213.041273460734,3150.3320366212365
CHEMBL4739695,CHEMBL5080171,CNc1ccc2ccc(OCc3cncc(-n4cc(C5CCCC5)c5c(N)ncnc54)c3)cc2n1,8.0,-4762.398901818836,-1841.895399628293
CHEMBL4739695,CHEMBL5080516,Cn1ccc(-c2cn([C@H]3C[C@H](O)[C@@H](COc4ccc5ccc(N6CC(N)C6)nc5c4)O3)c3ncnc(N)c23)n1,8.0,-16991.457225853002,-2350.9855234740726
CHEMBL4739695,CHEMBL5080228,CCc1cc(NCCN(C)C)c2ccc(OCc3cncc(-n4ccc5c(N)ncnc54)c3)cc2n1,8.0,-6857.029533234435,78.21621141986635
CHEMBL4739695,CHEMBL5080339,CCc1cc(N2CCNCC2)c2ccc(OCc3cncc(-n4cc([C@H]5CCCO5)c5c(N)ncnc54)c3)cc2n1,8.0,-35142.064277164536,-2667.38216983533
CHEMBL4739695,CHEMBL5079814,CNc1ccc2ccc(OCc3cccc(-n4cc(CC5CC5)c5c(N)ncnc54)c3)cc2n1,8.0,539.2361793014813,-3183.4889499460296
CHEMBL4739695,CHEMBL5082083,CCc1cc(NCCOC)c2ccc(OCc3cncc(-n4cc([C@H]5CCCO5)c5c(N)ncnc54)c3)cc2n1,8.0,-26132.030178526795,-3515.9363022858815
CHEMBL4739695,CHEMBL5081266,CC(C)c1cc(N)c2ccc(CCc3cncc(-n4ccc5c(N)ncnc54)c3)cc2n1,8.0,8056.966138325162,1063.8413860409348
CHEMBL4739695,CHEMBL5081328,Nc1cc(N)c2ccc(OC[C@H]3O[C@@H](n4cc(C5CCCC5)c5c(N)ncnc54)[C@H](O)[C@@H]3O)cc2n1,8.0,-15906.635980981091,834.6063942943096
CHEMBL4739695,CHEMBL5079232,CNc1ccc2cc(F)c(CC[C@H]3C[C@@H](n4ccc5c(N)ncnc54)[C@H](O)[C@@H]3O)cc2n1,8.0,1447.7564183074276,3500.2978058383064
CHEMBL4739695,CHEMBL5081990,CCc1cc(N)c2ccc(OCc3cncc(-n4cc(C5CCCC5)c5c(N)ncnc54)c3)cc2n1,8.0,-10625.713093312312,-935.301015640902
CHEMBL4739695,CHEMBL5079233,CNc1ccc2ccc(OCc3cncc(-c4c[nH]c5c(N)ncnc45)c3)cc2n1,8.0,26076.431126214877,-2349.522180835321
CHEMBL4739695,CHEMBL5081974,CNc1ccc2ccc(OC[C@H]3O[C@@H](n4cc(C5CCCC5)c5c(N)ncnc54)[C@@H](F)[C@@H]3O)cc2n1,8.0,-15225.30520680013,-387.91506942066854
CHEMBL4739695,CHEMBL5079341,CC(C)Nc1ccc2ccc(OCc3cncc(-n4cc(Cl)c5c(N)ncnc54)c3)cc2n1,8.0,13728.019088722791,-3115.086943465813
CHEMBL4739695,CHEMBL5081947,CCc1cc(N(C)CCOC)c2ccc(CCc3cncc(-n4cc(-c5ccn(C)n5)c5c(N)ncnc54)c3)cc2n1,8.0,-39428.75151837404,-3883.714728981154
CHEMBL4739695,CHEMBL5081886,CNc1ccc2ccc(OC[C@H]3O[C@@H](n4cc(CC5CC5)c5c(N)ncnc54)[C@@H](F)[C@@H]3O)cc2n1,8.0,-6838.85331814214,-1540.2613829959175
CHEMBL4739695,CHEMBL5079428,CCc1ccc2ccc(OCc3cncc(-n4cc(-c5ccn(C)n5)c5c(N)ncnc54)c3)cc2n1,8.0,104.27602649853091,-5445.642076794442
CHEMBL4739695,CHEMBL5079513,CCc1cc(N(C)C2CC2)c2ccc(OCc3cncc(-n4cc([C@@H]5CCCO5)c5c(N)ncnc54)c3)cc2n1,8.0,-30324.02386165838,-3382.7885606795953
CHEMBL4739695,CHEMBL5081780,CCc1cc(NCCOC)c2ccc(OCc3cncc(-n4cc([C@@H]5CCCO5)c5c(N)ncnc54)c3)cc2n1,8.0,-26132.030178526795,-3515.9363022858815
CHEMBL4739695,CHEMBL5081753,Nc1ncnc2c1c(CO)cn2-c1cncc(COc2ccc3ccc(N4CCC4)nc3c2)c1,8.0,8970.865071226877,-2645.753007266664
CHEMBL4739695,CHEMBL5081741,CN(CCO)c1ccc2ccc(OC[C@H]3O[C@@H](n4cc(-c5ccn(C)n5)c5c(N)ncnc54)[C@@H](F)[C@@H]3O)cc2n1,8.0,-21372.444407223324,-3044.0850531782944
CHEMBL4739695,CHEMBL5079533,CCc1cc(NCCCN(C)C)c2ccc(CCc3cncc(-n4ccc5c(N)ncnc54)c3)cc2n1,8.0,-16978.352182105562,2626.875400979747
CHEMBL4739695,CHEMBL5079618,Cn1ccc(-c2cn(-c3cncc(COc4cc(F)c5ccc(N6CCC6)nc5c4)c3)c3ncnc(N)c23)n1,8.0,-7772.040460267268,-6761.833003678859
CHEMBL4739695,CHEMBL5079629,COCCn1ccc(-c2cn(-c3cncc(COc4ccc5ccc(N6CCC6)nc5c4)c3)c3ncnc(N)c23)n1,8.0,-17103.0318274916,-5170.015231852514
CHEMBL4739695,CHEMBL5079658,Cc1cc(N)c2ccc(OCc3cccc(-n4cc(Cl)c5c(N)ncnc54)c3)cc2n1,8.0,20979.263739630125,-3550.4441387340357
CHEMBL4739695,CHEMBL5081465,CCn1ccc(-c2cn([C@@H]3O[C@H](COc4ccc5ccc(NC)nc5c4)[C@@H](O)[C@@H]3F)c3ncnc(N)c23)n1,8.0,-13178.049977346478,-4021.6252179683333
CHEMBL4739695,CHEMBL5081437,Cn1ccc(-c2cn([C@@H]3O[C@H](COc4ccc5ccc(N6CCC6)nc5c4)[C@@H](O)[C@@H]3F)c3ncnc(N)c23)n1,8.0,-15872.338050680719,-4379.50030567703
CHEMBL4739695,CHEMBL5079808,CCc1cc(NCCN(C)C)c2ccc(CCc3cncc(-n4cc([C@H]5CCCO5)c5c(N)ncnc54)c3)cc2n1,8.0,-39234.10834057138,180.36890843010676
CHEMBL4739695,CHEMBL5081324,CN(c1ncc2ccc(OC[C@H]3O[C@@H](n4cc(-c5ccn(C)n5)c5c(N)ncnc54)[C@@H](F)[C@@H]3O)cc2n1)C1CCC1,8.0,-25366.729683225803,-2824.886826220589
CHEMBL4739695,CHEMBL5077932,CNc1ccc2ccc(COc3cncc(-n4ccc5c(N)ncnc54)c3)cc2n1,8.0,26141.482161021486,-2179.916724608179
CHEMBL4739695,CHEMBL5084049,Cn1ccc(-c2cn([C@@H]3C[C@H](CCc4ccc5ccc(N6CCC6)nc5c4)[C@@H](O)[C@@H]3F)c3ncnc(N)c23)n1,8.0,-28899.11201896968,-411.98640108384336
CHEMBL4739695,CHEMBL5077847,CNc1ccc2sc(CC[C@H]3O[C@@H](n4ccc5c(N)ncnc54)[C@@H](F)[C@@H]3O)cc2n1,8.0,17647.062872832237,-1062.8688206512024
CHEMBL4739695,CHEMBL5086804,CNc1ccc2ccc(OCc3cncc(-n4ccc5c(N)ncnc54)c3)cc2n1,8.0,26106.59425706186,-2297.7084455207564
CHEMBL4739695,CHEMBL5086772,CC(C)c1nc(NCCN(C)C)c2ccc(OCc3cncc(-n4ccc5c(N)ncnc54)c3)cc2n1,8.0,-11127.564178287661,-4.3886123997773865
CHEMBL4739695,CHEMBL5076956,CCc1cc(NCCOC)c2ccc(OCc3cncc(-c4c[nH]c5c(N)ncnc45)c3)cc2n1,8.0,132.73410771379153,-2314.4810258857406
CHEMBL4739695,CHEMBL5076971,CNc1ccc2ccc(OCc3nc(-n4ccc5c(N)ncnc54)cs3)cc2n1.O=C(O)C(F)(F)F,8.0,33404.58683197883,-4068.4020195019893
CHEMBL4739695,CHEMBL5085089,Nc1ncnc2c1ccn2[C@H]1C[C@H](O)[C@@H](CCc2ccc3ccc(N4CCC4)nc3c2)O1,8.0,5819.812612952311,2327.212191059683
CHEMBL4739695,CHEMBL5077106,CCc1cc(N2CCNCC2)c2ccc(OCc3cncc(-n4cc([C@@H]5CCCO5)c5c(N)ncnc54)c3)cc2n1,8.0,-35142.064277164536,-2667.38216983533
CHEMBL4739695,CHEMBL5086363,Nc1ncnc2c1c(-n1ccc(C(F)(F)F)n1)cn2[C@@H]1O[C@H](COc2ccc3ccc(N4CCC4)nc3c2)[C@@H](O)[C@@H]1F,8.0,-19628.56573572313,-6306.805584326543
CHEMBL4739695,CHEMBL5076876,CNc1ccc2ccc(OC[C@H]3O[C@@H](n4cc(-c5ccccn5)c5c(N)ncnc54)[C@@H](F)[C@@H]3O)cc2n1,8.0,-7436.823602919227,-4945.026230351929
CHEMBL4739695,CHEMBL5086309,CCNc1ccc2ccc(CC[C@H]3O[C@@H](n4ccc5c(N)ncnc54)[C@H](O)[C@@H]3O)cc2n1,8.0,4824.264250378643,2089.4048235499913
CHEMBL4739695,CHEMBL5077184,CNc1ccc2ccc(OC[C@H]3O[C@@H](n4cc(F)c5c(N)ncnc54)[C@@H](F)[C@@H]3O)cc2n1,8.0,15821.260261646628,-1183.7875779772196
CHEMBL4739695,CHEMBL5086097,Cn1ccc(-c2cn([C@@H]3O[C@H](COc4ccc5ncc(N6CCC6)nc5c4)[C@@H](O)[C@@H]3F)c3ncnc(N)c23)n1,8.0,-13910.686964915769,-4901.897361154979
CHEMBL4739695,CHEMBL5077214,Cn1ccc(-c2cn([C@@H]3C[C@H](COc4ccc5ccc(N6CCC6)nc5c4)[C@@H](O)C3)c3ncnc(N)c23)n1,8.0,-20310.230432441138,-1070.0974795454824
CHEMBL4739695,CHEMBL5086073,CNc1ccc2ccc(OCc3cncc(-n4cc(C5CCC(F)(F)CC5)c5c(N)ncnc54)c3)cc2n1,8.0,-14412.711916654835,-1603.9183264480466
CHEMBL4739695,CHEMBL5086067,CNc1ccc2ccc(OCc3cncc(-n4cc(-c5ncco5)c5c(N)ncnc54)c3)cc2n1,8.0,9228.819130309621,-6309.228799832234
CHEMBL4739695,CHEMBL5086063,CNc1ccc2ccc(OC[C@H]3O[C@@H](n4cc(CC5CC5)c5c(N)ncnc54)[C@H](O)[C@@H]3O)cc2n1,8.0,-8782.837909862264,-1026.5249621665282
CHEMBL4739695,CHEMBL5077233,CCc1nc(N)c2ccn(-c3cncc(COc4ccc5ccc(NC)nc5c4)c3)c2n1,8.0,14276.564010868262,-2762.9496976499904
CHEMBL4739695,CHEMBL5086303,CNc1ccc2ccc(OCc3cncc(-n4cc(C)c5c(N)ncnc54)c3)cc2n1,8.0,19553.522297490937,-1913.3123203854457
CHEMBL4739695,CHEMBL5077244,CCc1cc(NCCOC)c2ncc(OCc3cncc(-n4cc(-c5ccn(C)n5)c5c(N)ncnc54)c3)cc2n1,8.0,-21409.844210930365,-6011.948740758323
CHEMBL4739695,CHEMBL5086807,CNc1ccc2ccc(OCc3cc(CO)cc(-n4cc(Cl)c5c(N)ncnc54)c3)cc2n1,8.0,10294.976059215778,-5822.139752613213
CHEMBL4739695,CHEMBL5086817,CC(C)c1cc(N)c2ccc(OCc3cncc(-c4c[nH]c5c(N)ncnc45)c3)cc2n1,8.0,14074.72410027141,-368.0018507131234
CHEMBL4739695,CHEMBL5087838,CCNc1ccc2ccc(OC[C@H]3O[C@@H](n4ccc5c(N)ncnc54)[C@H](O)[C@@H]3O)cc2n1,8.0,10883.310571293645,344.6827108437793
CHEMBL4739695,CHEMBL5087585,CNc1ccc2ccc(OC[C@H]3O[C@@H](n4cc(-c5ccc(C)cn5)c5c(N)ncnc54)[C@@H](F)[C@@H]3O)cc2n1,8.0,-12146.274337722747,-4119.882804205359
CHEMBL4739695,CHEMBL5087576,CCc1cc(NCCCN(C)C)c2ccc(OCc3cncc(-n4cc(-c5ccn(C)n5)c5c(N)ncnc54)c3)cc2n1,8.0,-35420.30199429055,-2290.337251131039
CHEMBL4739695,CHEMBL5087563,CCc1cc(N2CCC(F)(F)CC2)c2ccc(OCc3cncc(-n4ccc5c(N)ncnc54)c3)cc2n1,8.0,-13388.928517629442,-1955.3498775903527
CHEMBL4739695,CHEMBL5076578,Cc1cc(NCCN(C)CCCCc2ccccc2)c2ccc(OCc3cncc(-n4ccc5c(N)ncnc54)c3)cc2n1,8.0,-33678.831605838335,4308.192960448853
CHEMBL4739695,CHEMBL5087404,CCc1cc(NC)c2ccc(OCc3cncc(-n4cc(-c5ccn(CCOC)n5)c5c(N)ncnc54)c3)cc2n1,8.0,-22013.013095337246,-4397.154686550191
CHEMBL4739695,CHEMBL5087304,CCc1cc(N2CCCC2)c2ccc(OCc3cncc(-n4ccc5c(N)ncnc54)c3)cc2n1,8.0,-3712.010726087195,-1922.2942861103784
CHEMBL4739695,CHEMBL5086816,Cc1ccn(-c2cn([C@@H]3O[C@H](COc4ccc5ccc(N6CC(O)C6)nc5c4)[C@@H](O)[C@@H]3F)c3ncnc(N)c23)n1,8.0,-17984.543636296436,-4194.700322598566
CHEMBL4739695,CHEMBL5087281,Nc1ncnc2c1c(Cl)cn2-c1cncc(COc2ccc3ccc(N4CCCC4)nc3c2)c1,8.0,10507.84163039878,-3265.7925841618367
CHEMBL4739695,CHEMBL5076753,Nc1ccc2ccc(OC[C@H]3O[C@@H](n4cc(Br)c5c(N)ncnc54)[C@H](O)[C@@H]3O)cc2n1,8.0,16574.852799419907,-5291.945608987636
CHEMBL4739695,CHEMBL5087153,CNc1ccc2ccc(OCc3cncc(-n4cc(CC5CC5)c5c(N)ncnc54)c3)cc2n1,8.0,3264.960197650045,-3161.255757321418
CHEMBL4739695,CHEMBL5087122,CNc1ccc2ccc(OCc3cccc(-n4cc(Cl)c5c(N)ncnc54)c3)cc2n1,8.0,21269.988141200738,-4461.9157695218355
CHEMBL4739695,CHEMBL5076821,CNc1ccc2ccc(OCc3cncc(-n4cc(-c5ccc(C)o5)c5c(N)ncnc54)c3)cc2n1,8.0,1581.7654552700858,-6268.071410719923
CHEMBL4739695,CHEMBL5086926,CNc1ccc2ccc(OC[C@H]3O[C@@H](n4cc(-c5ccnn5C)c5c(N)ncnc54)[C@@H](F)[C@@H]3O)cc2n1,8.0,-10830.269396639651,-5959.163246977403
CHEMBL4739695,CHEMBL5086891,CCNc1ccc2ccc(CCc3cncc(-n4cc([C@@H]5CCCO5)c5c(N)ncnc54)n3)cc2n1,8.0,-7082.868474776047,-2271.0310748179945
CHEMBL4739695,CHEMBL5086859,CCc1cc(NCCOC)c2c(F)cc(OCc3cncc(-n4cc([C@H]5CCCO5)c5c(N)ncnc54)c3)cc2n1,8.0,-28282.304686612795,-4665.255740086509
CHEMBL4739695,CHEMBL5087274,CC(C)Nc1ccc2ccc(CC[C@H]3C[C@@H](n4ccc5c(N)ncnc54)[C@H](O)[C@@H]3O)cc2n1,8.0,-6689.361326930612,5841.087992343041
CHEMBL4739695,CHEMBL5085882,CNc1ccc2ccc(OC[C@H]3O[C@@H](n4cc(C5CCCC5)c5c(N)ncnc54)[C@H](O)[C@@H]3O)cc2n1,8.0,-17145.228884695367,104.28183277965852
CHEMBL4739695,CHEMBL5086636,CNc1ccc2ccc(CCc3cncc(-n4cc(F)c5c(N)ncnc54)c3)cc2n1,8.0,19067.96455490111,-1516.963455673702
CHEMBL4739695,CHEMBL5087986,CCc1cc(N(C)C)c2ccc(OC[C@H]3O[C@@H](n4cc(-c5ccn(C)n5)c5c(N)ncnc54)[C@@H](F)[C@@H]3O)cc2n1,8.0,-27833.520782092946,-3038.2474954137865
CHEMBL4739695,CHEMBL5085428,Nc1ccc2ccc(CC[C@H]3C[C@@H](n4cc(C5CCCC5)c5c(N)ncnc54)[C@H](O)[C@@H]3O)cc2n1,8.0,-25940.796261663512,3990.0470654973924
CHEMBL4739695,CHEMBL5077443,CCc1cc(NC)c2ccc(OC[C@H]3O[C@@H](n4cc(-c5ccn(C)n5)c5c(N)ncnc54)[C@@H](F)[C@@H]3O)cc2n1,8.0,-20697.644169946892,-3712.221414279419
CHEMBL4739695,CHEMBL5077410,Cn1ccc(-c2cn([C@@H]3O[C@H](COc4ccc5ccc(N6CC(O)C6)nc5c4)[C@@H](O)[C@@H]3F)c3ncnc(N)c23)n1,8.0,-17985.688157053126,-4391.730737449794
CHEMBL4739695,CHEMBL5085740,CNc1ccc2ccc(OC[C@H]3O[C@@H](n4cc(-c5cc(C)n(C)n5)c5c(N)ncnc54)[C@@H](F)[C@@H]3O)cc2n1,8.0,-14468.163824586347,-3817.8450345438905
CHEMBL4739695,CHEMBL5077553,CNc1ccc2ccc(OC[C@H]3O[C@@H](n4cc(C5CCN(C)C5)c5c(N)ncnc54)[C@@H](F)[C@@H]3O)cc2n1,8.0,-19620.97937508942,424.60304324902904
CHEMBL4739695,CHEMBL5077428,CNc1ccc2ccc(OCc3cncc(-n4cc(Cl)c5c(N)ncnc54)c3)cc2n1,8.0,23786.038460702504,-4486.982502080065
CHEMBL4739695,CHEMBL5085304,Cc1nc(-c2cn(-c3cncc(COc4ccc5ccc(N6CCC6)nc5c4)c3)c3ncnc(N)c23)co1,8.0,-4157.234484179284,-6542.6707450555905
CHEMBL4739695,CHEMBL5077639,CNc1ccc2ccc(OCc3cncc(-c4c(C)[nH]c5c(N)ncnc45)c3)cc2n1,8.0,18629.951090978604,-2137.7822726130366
CHEMBL4739695,CHEMBL5085295,CCc1cc(NCCOC)c2c(F)cc(OCc3cncc(-n4cc(COC)c5c(N)ncnc54)c3)cc2n1,8.0,-17495.96571686731,-4170.661449783902
CHEMBL4739695,CHEMBL5085254,Cn1ccc(-c2cn([C@@H]3C[C@H](CCc4ccc5ccc(N6CCC6)nc5c4)[C@@H](O)C3)c3ncnc(N)c23)n1,8.0,-26483.608822092225,816.9910324377421
CHEMBL4739695,CHEMBL5085252,CNc1ccc2ccc(OC[C@H]3O[C@@H](n4cc(Br)c5c(N)ncnc54)[C@H](O)[C@@H]3O)cc2n1,8.0,11737.955484753626,-5233.352112888065
CHEMBL4739695,CHEMBL5085179,CNc1ccc2ccc(OC[C@H]3O[C@@H](n4cc(-c5cccnc5)c5c(N)ncnc54)[C@@H](F)[C@@H]3O)cc2n1,8.0,-7800.766187790336,-4749.3313911565365
CHEMBL4739695,CHEMBL5085125,CNc1ccc2ccc(OC[C@H]3O[C@@H](n4cc(-c5cn(C(C)C)cn5)c5c(N)ncnc54)[C@@H](F)[C@@H]3O)cc2n1,8.0,-18604.937665905276,-2237.7275182985595
CHEMBL4739695,CHEMBL5077280,CNc1ccc2ccc(OC[C@H]3O[C@@H](n4cc(C)c5c(N)ncnc54)[C@@H](F)[C@@H]3O)cc2n1,8.0,10165.280705562263,-67.49353581770688
CHEMBL4739695,CHEMBL5085575,Nc1ncnc2c1c(C1CCCC1)cn2-c1cncc(COc2ccc3ccc(N4CCC4)nc3c2)c1,8.0,-12392.221487260784,-1892.0789812581088
CHEMBL4739695,CHEMBL5291234,O=C(NCc1cn2cc(CNCC3CCCCC3)ccc2n1)c1cc(=O)n2ccccc2n1,7.769551078621726,9469.196591001335,6378.073452019546
CHEMBL4739695,CHEMBL5279050,CC1(C)CCN(Cc2ccc(C(=O)NC[C@]3(O)CCCN(c4cc(NCc5ccccc5)ncn4)C3)c(O)c2)CC1,7.769551078621726,-37851.46481811304,14701.200909531524
CHEMBL4739695,CHEMBL5076974,CC1(C)CCN(Cc2ccc(N3CC(=O)NC4(CCN(c5nc(Cl)nc6[nH]ccc56)CC4)C3)cc2)CC1,7.619788758288394,-28925.96489280092,14469.356914743381
CHEMBL4739695,CHEMBL5087497,CC1(C)CCN(Cc2ccc(N3CC(=O)NC4(CCN(c5cc(NCc6ccccc6)ncn5)CC4)C3)cc2)CC1,7.585026652029182,-43614.317759018406,18028.13187529721
CHEMBL4739695,CHEMBL5078591,CNc1cc(N2CCC3(CC2)CN(c2ccc(CN4CCC(C)(C)CC4)c(F)c2)CC(=O)N3)ncn1,7.494850021680094,-28010.56316940994,16672.302773513922
CHEMBL4739695,CHEMBL5082067,CC1(C)CCN(Cc2ccc(N3CC(=O)NC4(CCN(c5cc(NCc6ccccc6)ncn5)CC4)C3)cn2)CC1,7.431798275933005,-40230.68175239631,17809.604853392353
CHEMBL4739695,CHEMBL5092743,CNc1cc(N2CCC3(CC2)CN(c2ccc(CN4CCC(C)(C)CC4)cc2F)CC(=O)N3)ncn1,7.42021640338319,-28058.675891047453,16585.09770012899
CHEMBL4739695,CHEMBL5084119,CC1(C)CCN(Cc2ccc(N3CC(=O)NC4(CCN(c5ncnc6[nH]ccc56)CC4)C3)cc2)CC1,7.214670164989233,-26586.924671000386,16629.560796400536
CHEMBL4739695,CHEMBL5092187,CC1(C)CCN(Cc2ccc(N3CC(=O)NC4(CCN(c5cc(NC6CC6)ncn5)CC4)C3)cc2)CC1,7.075720713938118,-32585.501613343604,17550.802686038784
CHEMBL4739695,CHEMBL5084812,CNc1cc(N2CCC3(CC2)CN(c2ccc(CN4CCC(C)(C)CC4)cc2)CC(=O)N3)ncn1,7.050609993355088,-25548.348197035168,17933.796988149363
CHEMBL4739695,CHEMBL5089627,Nc1ccc2ccc(CC[C@H]3C[C@@H](n4cc([C@@H]5CCOC5)c5c(N)ncnc54)[C@H](O)[C@@H]3O)cc2n1,7.0,-21882.180203457447,2876.1799269956873
CHEMBL4739695,CHEMBL5085789,CN(CCS(C)(=O)=O)c1ccc2ccc(OC[C@H]3O[C@@H](n4cc(-c5ccn(C)n5)c5c(N)ncnc54)[C@@H](F)[C@@H]3O)cc2n1,7.0,-32302.83037360419,-3904.055440657183
CHEMBL4739695,CHEMBL5089569,Nc1ncnc2c1c(Cl)cn2-c1cccc(COc2ccc3ccc(NCC4CC4)nc3c2)c1,7.0,9519.219038442267,-3990.364111468666
CHEMBL4739695,CHEMBL5080745,Cn1ccc(-c2cn(-c3cncc(COc4ccc5ccc(N6CCC(F)(F)CC6)nc5c4)c3)c3ncnc(N)c23)n1,7.0,-19673.7757116145,-3834.512731909342
CHEMBL4739695,CHEMBL5086418,Cn1ccc(-c2cn(-c3cncc(COc4ccc(C(=O)N5CCNCC5)c(N)c4)c3)c3ncnc(N)c23)n1,7.0,-13857.019569373766,-3121.0293237341284
CHEMBL4739695,CHEMBL5088869,Cn1ccc(-c2cn(-c3cncc(COc4ccc5ccc(C6CCOCC6)nc5c4)c3)c3ncnc(N)c23)n1,7.0,-16337.272282736745,-3562.25902070441
CHEMBL4739695,CHEMBL5089789,CNc1ccc2ccc(OC[C@H]3O[C@@H](n4cc(Br)c5c(N)nc(N)nc54)[C@@H](F)[C@@H]3O)cc2n1,7.0,8752.029184603547,-6481.522829508213
CHEMBL4739695,CHEMBL5089822,Nc1ncnc2c1ccn2[C@@H]1O[C@H](COc2ccc3cnc(N[C@H]4C[C@@H](N)C4)nc3c2)[C@@H](O)[C@@H]1F,7.0,4019.6954446728346,840.4102269204886
CHEMBL4739695,CHEMBL5081606,Nc1ncnc2c1ccn2[C@@H]1C[C@H](CCc2ccc3ccc(NCc4ccccc4)nc3c2)[C@@H](O)[C@H]1O,7.0,-14811.297893209932,4272.3942140524805
CHEMBL4739695,CHEMBL5091454,Cn1ccc(-c2cn(-c3cncc(COc4ccc(CN5CCOCC5)c(N)c4)c3)c3ncnc(N)c23)n1,7.0,-13101.94726842098,-1355.520643608208
CHEMBL4739695,CHEMBL5091551,Nc1nc2ccc(OC[C@H]3O[C@@H](n4cc(Br)c5c(N)ncnc54)[C@@H](F)[C@@H]3O)cc2[nH]1,7.0,21898.259561616815,-5877.30040191266
CHEMBL4739695,CHEMBL5090880,Nc1cc(OCc2cncc(-n3cc([C@@H]4CCCO4)c4c(N)ncnc43)c2)ccc1C(=O)N1CCNCC1,7.0,-15754.721228419387,-1118.8043458826273
CHEMBL4739695,CHEMBL5080760,Nc1ccc2ccc(OC[C@H]3O[C@@H](n4ccc5c(NCCc6ccccc6)ncnc54)[C@H](O)[C@@H]3O)cc2n1,7.0,-8334.010909632107,406.1481190641336
CHEMBL4739695,CHEMBL5081192,Cn1ccc(-c2cn(-c3cncc(COc4ccc5ccc(N6CC7(CCC7)C6)nc5c4)c3)c3ncnc(N)c23)n1,7.0,-18464.491077232422,-3183.5767735963036
CHEMBL4739695,CHEMBL5094481,Cn1ccc(-c2cn([C@@H]3O[C@H](COc4ccc(C(=O)N5CCNCC5)c(N)c4)[C@@H](O)[C@@H]3F)c3ncnc(N)c23)n1,7.0,-23787.63814525437,-1631.9932901998714
CHEMBL4739695,CHEMBL5086963,Nc1ncnc2c1ccn2[C@H]1C[C@H](O)[C@@H](COc2ccc3ccc(N4CC(N)C4)nc3c2)O1,7.0,8303.583689384235,1366.5318930513693
CHEMBL4739695,CHEMBL5090186,CNc1ccc2ccc(OC[C@H]3O[C@@H](n4cc(Br)c5c(N)nccc54)[C@@H](F)[C@@H]3O)cc2n1,7.0,11350.660015693074,-5429.711415725738
CHEMBL4739695,CHEMBL5092719,Nc1ncnc2c1c(Cl)cn2-c1cncc(COc2ccc3ccc(NCC4CC4)nc3c2)c1,7.0,12034.214504184802,-4014.3241291622016
CHEMBL4739695,CHEMBL5084517,CNc1nc2cc(OC[C@H]3O[C@@H](n4cc(-c5ccn(C)n5)c5c(N)ncnc54)[C@@H](F)[C@@H]3O)ccc2o1,7.0,-2756.824656715875,-5249.3273757150355
CHEMBL4739695,CHEMBL5090156,CN1CCN(c2ccc3ccc(OCc4cncc(-n5cc(-c6ccn(C)n6)c6c(N)ncnc65)c4)cc3n2)CC1,7.0,-21022.192266126283,-1658.4151352053534
CHEMBL4739695,CHEMBL5087964,CNc1ccc2ccc(OCc3cncc(-n4ccc5c(N)nc(N)nc54)c3)cc2n1,7.0,21816.09663863072,-2522.4820765209283
CHEMBL4739695,CHEMBL5083672,Cn1ccc(-c2cn(-c3cncc(COc4ccc(C(=O)NC5CCOCC5)c(N)c4)c3)c3ncnc(N)c23)n1,7.0,-17045.7880408371,-2888.0526945423094
CHEMBL4739695,CHEMBL5087195,Nc1ccc2ccc(CC[C@H]3C[C@@H](n4cc([C@H]5CCOC5)c5c(N)ncnc54)[C@H](O)[C@@H]3O)cc2n1,7.0,-21882.180203457447,2876.1799269956873
CHEMBL4739695,CHEMBL5084670,CNc1ccc2ccc(OC[C@H]3O[C@@H](n4cc(-c5cc(F)cc(F)c5)c5c(N)ncnc54)[C@@H](F)[C@@H]3O)cc2n1,7.0,-12880.347355252708,-6312.5863805828685
CHEMBL4739695,CHEMBL5084904,CNc1ccc2ccc(OCc3cc(OC)cc(-n4cc(Cl)c5c(N)ncnc54)c3)cc2n1,7.0,10940.260131119434,-6320.252777994332
CHEMBL4739695,CHEMBL5094644,Cn1cc(-c2cn([C@@H]3C[C@H](CCc4ccc5ccc(N)nc5c4)[C@@H](O)[C@H]3O)c3ncnc(N)c23)cn1,7.0,-18935.225616951735,354.97091213049765
CHEMBL4739695,CHEMBL5085101,CNc1ccc2ccc(OCc3cccc(-n4cc(CCN(C)C)c5c(N)ncnc54)c3)cc2n1,7.0,-6162.802818791957,-1103.3085143189255
CHEMBL4739695,CHEMBL5092283,Cn1ccc(-c2cn(-c3cncc(COc4ccc(CN5CCC(CO)CC5)c(N)c4)c3)c3ncnc(N)c23)n1,7.0,-23696.977740806473,2569.4766770812116
CHEMBL4739695,CHEMBL5082050,CNc1ccc2ccc(OCc3ccnc(-n4cc(Cl)c5c(N)ncnc54)c3)cc2n1,7.0,23568.918010241705,-4779.659731868338
CHEMBL4739695,CHEMBL5082007,CNc1ccc2ccc(OCc3cncc(-n4cc(C5CCCC5)c5cncnc54)c3)cc2n1,7.0,1500.9710190428627,-1461.0333915660974
CHEMBL4739695,CHEMBL5089090,CNc1ccc2ccc(OCc3cc(Br)cc(-n4cc(Cl)c5c(N)ncnc54)c3)cc2n1,7.0,16323.958315918428,-10929.261422780879
CHEMBL4739695,CHEMBL5094451,Nc1ncnc2c1ccn2-c1csc(COc2ccc3ccc(N4CCCC4)nc3c2)n1,7.0,20138.754254682204,-2829.5537265481544
CHEMBL4739695,CHEMBL5084442,CNc1ccc2ccc(OCc3cc(C#N)cc(-n4ccc5c(N)ncnc54)c3)cc2n1,7.0,18273.50045844369,-4462.534938339555
CHEMBL4739695,CHEMBL5094519,C[S+]([O-])c1cn(-c2cncc(COc3ccc4ccc(N5CCC5)nc4c3)c2)c2ncnc(N)c12,7.0,4911.686417316366,-5090.270757194944
CHEMBL4739695,CHEMBL5094589,Cc1cc(N)c2ccc(OCc3cccc(-n4ccc5c(N)ncnc54)c3)cc2n1,7.0,23347.757922621575,-1329.8731042255536
CHEMBL4739695,CHEMBL5089836,CNc1ccc2cc(CCc3cccc(-n4cc(Cl)c5c(N)ncnc54)c3)ccc2n1,7.0,16089.01699375086,-2781.11145970775
CHEMBL4739695,CHEMBL5082271,Nc1ncnc2c1ccn2[C@@H]1C[C@H](CCc2ccc3ccc(NCCO)nc3c2)[C@@H](O)[C@H]1O,7.0,-3368.760567452704,4473.086567059386
CHEMBL4739695,CHEMBL5090146,CNc1ccc2cc(CC[C@H]3C[C@@H](n4ccc5c(N)ncnc54)[C@H](O)[C@@H]3O)ccc2n1,7.0,3876.9003686755414,4668.22735250421
CHEMBL4739695,CHEMBL5082728,CNc1ccc2ccc(CNc3cccc(-n4cc(Br)c5c(N)ncnc54)c3)cc2n1,7.0,17289.346796292557,-5946.600713874587
CHEMBL4739695,CHEMBL5076519,Nc1ncnc2c1ccn2[C@@H]1C[C@H](CCc2ccc3ccc(N4CCCC4)nc3c2)[C@@H](O)[C@H]1O,7.0,-9954.748319914366,5659.164152255793
CHEMBL4739695,CHEMBL5073243,Nc1ccc2cc(CC[C@H]3C[C@@H](n4ccc5c(N)ncnc54)[C@H](O)[C@@H]3O)ccc2n1,7.0,8605.224502219058,4502.76647534327
CHEMBL4739695,CHEMBL5070853,CNc1ccc2ccc(OCc3cc(C(N)=O)cc(-n4cc(Cl)c5c(N)ncnc54)c3)cc2n1,7.0,8925.416894778817,-7119.588696364593
CHEMBL4739695,CHEMBL5078344,CCc1cc(=O)c2ccc(OCc3cncc(-n4cc(C5CCCC5)c5c(N)ncnc54)c3)cc2[nH]1,7.0,-7352.77325175759,-2263.1616601396713
CHEMBL4739695,CHEMBL5078283,CNc1ccc2ccc(OC[C@@H]3C[C@@H](O)[C@H](n4cc(C5CCCC5)c5c(N)ncnc54)O3)cc2n1,7.0,-13015.187786049957,775.0543731817122
CHEMBL4739695,CHEMBL5078272,CCCc1cn([C@@H]2C[C@H](CCc3ccc4ccc(N)nc4c3)[C@@H](O)[C@H]2O)c2ncnc(N)c12,7.0,-13783.839339042383,3863.5333116022766
CHEMBL4739695,CHEMBL5078254,Cn1ccc(-c2cn([C@@H]3O[C@H](COc4ccc5ccc(NC6CNC6)nc5c4)[C@@H](O)[C@@H]3F)c3ncnc(N)c23)n1,7.0,-19086.82732595079,-4138.122629074183
CHEMBL4739695,CHEMBL5078051,Cc1cc(N)c2ccc(OCc3cncc(-n4ccc5c(N)ncnc54)c3)cc2n1,7.0,25814.409492656003,-1388.920973724779
CHEMBL4739695,CHEMBL5074946,Cn1ccc(-c2cn(-c3cncc(COc4ccc5ccc(N6CC7(COC7)C6)nc5c4)c3)c3ncnc(N)c23)n1,7.0,-15667.560249984801,-4307.620300288974
CHEMBL4739695,CHEMBL5075003,CNc1nc2cc(OC[C@H]3O[C@@H](n4cc(-c5ccn(C)n5)c5c(N)ncnc54)[C@@H](F)[C@@H]3O)ccc2s1,7.0,-3463.821616533879,-6317.820247844026
CHEMBL4739695,CHEMBL5077576,CNc1ccc2ccc(OCc3cncc(-n4cc(C5CCN(C)CC5)c5c(N)ncnc54)c3)cc2n1,7.0,-15640.900090533056,647.6333611041557
CHEMBL4739695,CHEMBL5075151,CN(CCS(C)(=O)=O)c1ccc2ccc(OCc3cncc(-n4cc(-c5ccn(C)n5)c5c(N)ncnc54)c3)cc2n1,7.0,-22435.55740629699,-5388.009106226144
CHEMBL4739695,CHEMBL5077383,CCc1nc2cc(OC[C@H]3O[C@@H](n4cc(-c5ccn(C)n5)c5c(N)ncnc54)[C@@H](F)[C@@H]3O)ccc2[nH]1,7.0,-5520.717394446803,-3786.0925614179173
CHEMBL4739695,CHEMBL5079955,Nc1ncnc2c1c(-n1cccn1)cn2C1CC(COc2ccc3ccc(NC4CCC4)nc3c2)C(O)C1F,7.0,-21650.962366205807,-1454.4718259723709
CHEMBL4739695,CHEMBL5075448,Nc1ccnc2cc(OC[C@H]3O[C@@H](n4cc(Br)c5c(N)ncnc54)[C@@H](F)[C@@H]3O)ccc12,7.0,18517.653155279277,-5236.247145625393
CHEMBL4739695,CHEMBL5075451,Nc1ncnc2c1ccn2[C@@H]1C[C@H](COc2ccc3ccc(N4CCCC4)nc3c2)[C@@H](O)[C@H]1O,7.0,-3583.061711759379,3846.478807169486
CHEMBL4739695,CHEMBL5079221,Cc1cc(N)c2ccc(OC[C@H]3O[C@@H](n4cc(Br)c5c(N)ncnc54)C[C@@H]3O)cc2n1,7.0,15364.010701298197,-3559.799228549624
CHEMBL4739695,CHEMBL5077180,Nc1ncnc2c1ccn2[C@@H]1O[C@H](CCC2CCNCC2)[C@@H](O)[C@@H]1F,7.0,21498.649011917194,7077.338358042251
CHEMBL4739695,CHEMBL4541714,Nc1ccc2ccc(CC[C@H]3C[C@@H](n4ccc5c(N)ncnc54)[C@H](O)[C@@H]3O)cc2n1,7.0,8330.948285627666,4431.446043409416
CHEMBL4739695,CHEMBL5076541,Cn1ccc(-c2cn(-c3cncc(COc4ccc5ccc(N6CC(CO)(CO)C6)nc5c4)c3)c3ncnc(N)c23)n1,7.0,-21035.94037410083,-2228.8193199615857
CHEMBL4739695,CHEMBL5076559,CNc1ccc2cc(CC[C@H]3C[C@@H](n4cc(C)c5c(N)ncnc54)[C@H](O)[C@@H]3O)ccc2n1,7.0,-4056.15871465637,4756.616399957352
CHEMBL4739695,CHEMBL5076685,Nc1ccc2ccc(OC[C@H]3C[C@@H](n4ccc5c(N)ncnc54)[C@H](O)[C@@H]3O)cc2n1,7.0,14529.20560046262,2552.7577495810046
CHEMBL4739695,CHEMBL5076932,CNc1nc2cc(CC[C@H]3O[C@@H](n4cc(-n5cccn5)c5c(N)ncnc54)[C@@H](F)[C@@H]3O)ccc2s1,7.0,-3340.204909378686,-4232.822046021533
CHEMBL4739695,CHEMBL5077723,CC1(C)CCN(Cc2ccc(N3CCOC4(CCN(c5cc(NCc6ccccc6)ncn5)CC4)C3)cn2)CC1,6.552841968657781,-38454.00746778326,18369.56554294826
CHEMBL4739695,CHEMBL5083998,CC(C)Nc1cc(N2CCC3(CC2)CN(c2ccc(CN4CCC(C)(C)CC4)cc2)CC(=O)N3)ncn1,6.481486060122113,-35327.1331905917,19339.86128137197
CHEMBL4739695,CHEMBL5094039,CNc1cc(N2CC3(CN(c4ccc(CN5CCC(C)(C)CC5)cc4)CC(=O)N3)C2)ncn1,6.356547323513812,-9804.942878076277,14413.873618404137
CHEMBL4739695,CHEMBL418052,Nc1ncnc2c1ncn2[C@@H]1O[C@H](CSCC[C@H](N)C(=O)O)[C@@H](O)[C@H]1O,6.229147988357856,29521.167301589143,1331.4435201915164
CHEMBL4739695,CHEMBL5091512,CC1(C)CCN(Cc2ccc(NCC3(O)CCN(c4cc(NCc5ccccc5)ncn4)CC3)cn2)CC1,6.102372908709558,-25114.632670652543,17629.7894455183
CHEMBL4739695,CHEMBL5076504,CN(C)c1cc(N2CCC3(CC2)CN(c2ccc(CN4CCC(C)(C)CC4)cc2)CC(=O)N3)ncn1,6.013228265733755,-31366.272101028313,19071.342043051223
CHEMBL4739695,CHEMBL5086334,Nc1ncnc2c1ccn2[C@@H]1C[C@H](CCc2ccc3ccc(Nc4ccccc4)nc3c2)[C@@H](O)[C@H]1O,6.0,-10617.820035485547,2985.4314236982405
CHEMBL4739695,CHEMBL5086678,CN(C)C(=O)c1ccc(OCc2cncc(-n3cc(-c4ccn(C)n4)c4c(N)ncnc43)c2)cc1N,6.0,-1181.933047747291,-4019.3156290928864
CHEMBL4739695,CHEMBL5086398,Cn1ccc(-c2cn(-c3cncc(COc4ccc(C(=O)N5CCC(F)(F)CC5)c(N)c4)c3)c3ncnc(N)c23)n1,6.0,-17744.698813900242,-3323.1257612056747
CHEMBL4739695,CHEMBL5085962,CN(CC1CC1)C(=O)c1ccc(OCc2cncc(-n3cc(-c4ccn(C)n4)c4c(N)ncnc43)c2)cc1N,6.0,-15026.47767520254,-3674.928604787432
CHEMBL4739695,CHEMBL5077183,Nc1ncnc2c1ccn2[C@@H]1C[C@H](CCc2ccc3[nH]ccc3c2)[C@@H](O)[C@H]1O,6.0,14073.331102393846,4591.263038449278
CHEMBL4739695,CHEMBL5076839,CCCNc1ncnc2c1ccn2[C@@H]1C[C@H](CCc2ccc3ccc(N)nc3c2)[C@@H](O)[C@H]1O,6.0,-7343.738839617511,4830.5977918738845
CHEMBL4739695,CHEMBL5088095,CN(C)Cc1cccc(OC[C@H]2O[C@@H](n3cc(Br)c4c(N)ncnc43)[C@@H](F)[C@@H]2O)c1,6.0,13316.31511799389,-2871.1642164250775
CHEMBL4739695,CHEMBL5088981,CNc1ccc2ccc(OCc3cc(-n4cc(Cl)c5c(N)ncnc54)ncn3)cc2n1,6.0,26068.13006471516,-4871.449088016218
CHEMBL4739695,CHEMBL5088886,Nc1ncnc2c1ccn2[C@@H]1C[C@H](CCc2cccnc2)[C@@H](O)[C@H]1O,6.0,24211.296772469297,4316.43320021166
CHEMBL4739695,CHEMBL5088838,CN(CCO)C(=O)c1ccc(OCc2cncc(-n3cc(-c4ccn(C)n4)c4c(N)ncnc43)c2)cc1N,6.0,-9309.042984834154,-3953.9758281475474
CHEMBL4739695,CHEMBL5076310,Cc1cn([C@@H]2O[C@H](COc3ccc4ccc(N)nc4c3)[C@@H](O)[C@H]2O)c2ncnc(N)c12,6.0,13048.006579837805,402.70851955689625
CHEMBL4739695,CHEMBL5076311,CCc1cc(NCCOC)c2c(F)cc(OCc3cncc(-n4cc(C5CCCO5)c5c(N)ncnc54)n3)cc2n1,6.0,-24923.69636437752,-4993.338018644429
CHEMBL4739695,CHEMBL5076338,Nc1ncnc2c1ccn2[C@@H]1C[C@H](CCc2ccccn2)[C@@H](O)[C@H]1O,6.0,24591.3927958485,4075.7528661456777
CHEMBL4739695,CHEMBL5088646,CNc1ccc2ccc(OCc3ncc(-n4cc(Cl)c5c(N)ncnc54)s3)cc2n1.O=C(O)C(F)(F)F,6.0,31230.88819435241,-6114.035899753019
CHEMBL4739695,CHEMBL5088620,Nc1cc(OCc2cncc(-n3ccc4c(N)ncnc43)c2)ccc1C(=O)N1CCNCC1,6.0,10635.494138914739,401.3790518312537
CHEMBL4739695,CHEMBL5087119,Nc1ccc2ccc(NC[C@H]3C[C@@H](n4ccc5c(N)ncnc54)[C@H](O)[C@@H]3O)cc2n1,6.0,11459.882786194745,3922.134642971719
CHEMBL4739695,CHEMBL5076363,Cn1ccc(-c2cn(-c3cncc(CNC(=O)Nc4cccc(N5CCC5)n4)c3)c3ncnc(N)c23)n1,6.0,-1797.467852239429,-4556.587756112522
CHEMBL4739695,CHEMBL5076470,Cn1ccc(-c2cn(-c3cncc(COC(=O)Nc4cccc(N5CCC5)n4)c3)c3ncnc(N)c23)n1,6.0,831.0004002918367,-5403.36627747532
CHEMBL4739695,CHEMBL5085824,Cc1nc(N)c2ccn([C@@H]3C[C@H](CCc4ccc5ccc(N)nc5c4)[C@@H](O)[C@H]3O)c2n1,6.0,1470.5356259016937,3983.2415902224025
CHEMBL4739695,CHEMBL5087920,CNc1ncnc2c1ccn2[C@@H]1C[C@H](CCc2ccc3ccc(N)nc3c2)[C@@H](O)[C@H]1O,6.0,3021.99703115117,4429.425691586777
CHEMBL4739695,CHEMBL5087741,Cc1cc2c(N)ncnc2n1[C@@H]1C[C@H](CCc2ccc3ccc(N)nc3c2)[C@@H](O)[C@H]1O,6.0,-578.2103482504344,4436.006070920551
CHEMBL4739695,CHEMBL5076575,Nc1ccc2ccc(OCc3cccc(-n4cc(Cl)c5c(N)ncnc54)c3)cc2n1,6.0,26105.83235719136,-4527.096543161594
CHEMBL4739695,CHEMBL5087288,Nc1ncnc2c1ccn2[C@@H]1C[C@H](CCc2ccc3cccnc3n2)[C@@H](O)[C@H]1O,6.0,14462.753656952578,3604.8294151823097
CHEMBL4739695,CHEMBL5087240,Nc1ncnc2c1ccn2[C@@H]1C[C@H](CCc2ccc3cn[nH]c3c2)[C@@H](O)[C@H]1O,6.0,15506.243621303624,4423.909077442812
CHEMBL4739695,CHEMBL5077342,Cn1ccc(-c2cn(-c3cncc(COc4ccc5ccc(N6CCOCC6=O)nc5c4)c3)c3ncnc(N)c23)n1,6.0,-13844.047335856494,-6482.341363682074
CHEMBL4739695,CHEMBL5085314,Cn1ccc(-c2cn(-c3cncc(COc4ccc(-c5ncco5)c(N)c4)c3)c3ncnc(N)c23)n1,6.0,4381.129028086086,-6412.367195046105
CHEMBL4739695,CHEMBL5079074,Cc1cc2c(N)ncnc2n1[C@@H]1C[C@H](CCc2ccc3nc(N)ccc3c2)[C@@H](O)[C@H]1O,6.0,-261.7788107667865,4475.289440348125
CHEMBL4739695,CHEMBL5082320,Nc1ncnc2c1ccn2-c1cncc(COc2ccc3c(=O)cc[nH]c3c2)c1,6.0,33477.01963815019,-3216.392267935748
CHEMBL4739695,CHEMBL5079435,Cn1ccc(-c2cn(-c3cncc(CS(=O)(=O)c4ccc5ccc(N6CCC6)nc5c4)c3)c3ncnc(N)c23)n1,6.0,-16575.525165328712,-8959.388160309827
CHEMBL4739695,CHEMBL5081771,Nc1ncnc2c1ccn2[C@@H]1C[C@H](CCc2ccc3[nH]cnc3c2)[C@@H](O)[C@H]1O,6.0,15680.443203923038,4202.275584918883
CHEMBL4739695,CHEMBL5081723,Nc1ncnc2c1ccn2[C@@H]1C[C@H](CCc2cnc3cccnc3c2)[C@@H](O)[C@H]1O,6.0,14075.418772868334,3744.0897832590254
CHEMBL4739695,CHEMBL5081721,CNc1ccc2ccc(OCc3cncc(-n4ccc5c(N)nc(N(C)C)nc54)c3)cc2n1,6.0,9970.419647720768,-2245.865409234903
CHEMBL4739695,CHEMBL5081716,CNc1ccc2ccc(OCc3cc(-n4cc(Cl)c5c(N)ncnc54)ccc3OC)cc2n1,6.0,11652.62857185413,-5697.5199922987895
CHEMBL4739695,CHEMBL5081540,O[C@@H]1[C@@H](CCc2ccc3[nH]ncc3c2)C[C@@H](n2ccc3c(NCCc4ccccc4)ncnc32)[C@@H]1O,6.0,-13312.412651945628,4587.546167903965
CHEMBL4739695,CHEMBL5081399,Nc1ncnc2c1ccn2[C@@H]1C[C@H](CCc2ccc3cc(C#Cc4ccccc4)cnc3c2)[C@@H](O)[C@H]1O,6.0,-8992.767884876816,1345.8603897078874
CHEMBL4739695,CHEMBL5081211,COc1cccc(CC[C@H]2C[C@@H](n3ccc4c(N)ncnc43)[C@H](O)[C@@H]2O)n1,6.0,17545.620190741778,3800.3119005742483
CHEMBL4739695,CHEMBL5079987,Cn1ccc(-c2cn(-c3cncc(COc4cc(F)ccc4C(=O)NC4CCOCC4)c3)c3ncnc(N)c23)n1,6.0,-17662.36962938696,-5850.28199841081
CHEMBL4739695,CHEMBL5081722,Cn1ccnc1-c1ccc2ccc(OC[C@H]3O[C@@H](n4cc(Br)c5c(N)ncnc54)[C@@H](F)[C@@H]3O)cc2n1,6.0,2260.436388241708,-7083.638821251005
CHEMBL4739695,CHEMBL5085741,CN(C[C@H]1C[C@@H](n2ccc3c(N)ncnc32)[C@H](O)[C@@H]1O)c1ccc2ccc(N)nc2c1,6.0,1233.4417130803479,3906.06353745146
CHEMBL4739695,CHEMBL5083043,Cn1ccc(-c2cn([C@@H]3O[C@H](COc4ccc5cnc(C(=O)N6CCC6)nc5c4)[C@@H](O)[C@@H]3F)c3ncnc(N)c23)n1,6.0,-18130.359589245712,-6055.53588281857
CHEMBL4739695,CHEMBL5085696,Nc1ncnc2c1ccn2[C@@H]1C[C@H](CCc2cccc(NC(=O)C3CC3)c2)[C@@H](O)[C@H]1O,6.0,1998.7245040297696,3956.5037155297805
CHEMBL4739695,CHEMBL5085529,Cc1cc2c(NCCc3ccccc3)ncnc2n1[C@@H]1C[C@H](CCc2ccc3ccc(N)nc3c2)[C@@H](O)[C@H]1O,6.0,-30630.714241631675,4618.600784798652
CHEMBL4739695,CHEMBL5085457,CNC(=O)Nc1cccc(CC[C@H]2C[C@@H](n3ccc4c(N)ncnc43)[C@H](O)[C@@H]2O)c1,6.0,5992.3623026767145,4261.435777195786
CHEMBL4739695,CHEMBL5085423,Nc1ncnc2c1c(Cl)cn2-c1cccc(COc2ccc3ccc(N4CCCC4)nc3c2)c1,6.0,7991.634585803346,-3239.5483652146304
CHEMBL4739695,CHEMBL5085338,Nc1ncnc2c1ccn2[C@@H]1C[C@H](CCc2ccc3scnc3c2)[C@@H](O)[C@H]1O,6.0,16275.12005185104,2669.7057771921764
CHEMBL4739695,CHEMBL5077782,C=CC(=O)N(CCC(=O)O)c1nc(N)c2ccn(-c3cncc(COc4ccc5ccc(NC)nc5c4)c3)c2n1,6.0,-12895.69701388208,-6823.554614715328
CHEMBL4739695,CHEMBL5082485,Cn1ccc(-c2cn(-c3cncc(CCc4ccc5cc(Br)c(N)nc5c4)c3)c3ncnc(N)c23)n1,6.0,-1697.2399832325937,-7860.602637519248
CHEMBL4739695,CHEMBL5078225,CNc1ccc2ccc(OC[C@H]3O[C@@H](n4cc(C)c5c(N)ncnc54)[C@H](O)[C@@H]3O)cc2n1,6.0,8209.627196969823,461.1578130388741
CHEMBL4739695,CHEMBL5084493,Cn1ccc(-c2cn(-c3cncc(C[S+]([O-])c4ccc5ccc(N6CCC6)nc5c4)c3)c3ncnc(N)c23)n1,6.0,-12108.449416314024,-8444.61347540907
CHEMBL4739695,CHEMBL5084486,Nc1ncnc2c1ccn2[C@@H]1C[C@H](CCc2ccc3c(OCc4ccccc4)ccnc3c2)[C@@H](O)[C@H]1O,6.0,-14950.541509416376,2458.1386839545416
CHEMBL4739695,CHEMBL5084196,Nc1cccc2ccc(CC[C@H]3C[C@@H](n4ccc5c(N)ncnc54)[C@H](O)[C@@H]3O)cc12,6.0,5891.466108168251,5266.767821848549
CHEMBL4739695,CHEMBL5078311,NC(=O)Nc1cccc(CC[C@H]2C[C@@H](n3ccc4c(N)ncnc43)[C@H](O)[C@@H]2O)c1,6.0,10584.811035531387,4267.545137081039
CHEMBL4739695,CHEMBL5084151,Nc1ccc2ccc(OC[C@H]3O[C@H](n4ccc5c(N)ncnc54)[C@H](O)[C@@H]3O)cc2n1,6.0,20464.20722896233,133.5461148289453
CHEMBL4739695,CHEMBL5078339,Nc1ncnc2c1ccn2[C@@H]1C[C@H](CCc2ccc3[nH]ncc3c2)[C@@H](O)[C@H]1O,6.0,15493.252709519296,4334.7046137292455
CHEMBL4739695,CHEMBL5083521,Nc1cc(OCc2cncc(-n3cc(Br)c4c(N)ncnc43)c2)ccc1C(=O)N1CCNCC1,6.0,7055.5130818693715,-4476.7243198271435
CHEMBL4739695,CHEMBL5075926,CNc1nc2cc(OC[C@H]3O[C@@H](n4cc(-n5ccc(C)n5)c5c(N)ncnc54)C[C@@H]3O)ccc2cc1F,6.0,-7070.835739182207,-3336.146421778805
CHEMBL4739695,CHEMBL5080297,Cn1ccc(-c2cn(-c3cncc(COc4ccc5cnc(N6CCC6)nc5c4)c3)c3ncnc(N)c23)n1,6.0,-4266.255952334026,-6430.5828055731945
CHEMBL4739695,CHEMBL5093675,Cc1cn2cc(CC[C@H]3C[C@@H](n4ccc5c(N)ncnc54)[C@H](O)[C@@H]3O)ccc2n1,6.0,10862.580448522132,4830.5090661909335
CHEMBL4739695,CHEMBL5071941,Cc1cn([C@@H]2O[C@H](COc3ccc4ccc(NCC5CC5)nc4c3)[C@@H](O)[C@H]2O)c2ncnc(N)c12,6.0,-3538.176351161092,954.8868841585753
CHEMBL4739695,CHEMBL5093386,CCc1cc(N2CCC2)nc2cc(F)cc(OCc3cncc(-n4cc(C5CCCO5)c5c(N)ncnc54)c3)c12,6.0,-28770.923151619525,-6560.921937518071
CHEMBL4739695,CHEMBL5092535,Cn1ccc(-c2cn(-c3cncc(COc4ccc(C(=O)N5CCOCC5)c(N)c4)c3)c3ncnc(N)c23)n1,6.0,-12379.103515849285,-4075.093584109421
CHEMBL4739695,CHEMBL5091967,CN(C)CCNC(=O)c1ccc(OCc2cncc(-n3ccc4c(N)ncnc43)c2)cc1N,6.0,11306.74027235203,1557.4247922951706
CHEMBL4739695,CHEMBL5073796,Nc1ncnc2c1ccn2[C@@H]1C[C@H](CCc2cccc(=O)[nH]2)[C@@H](O)[C@H]1O,6.0,23591.256834184598,3364.274821862012
CHEMBL4739695,CHEMBL5091809,CN(C)CCNC(=O)c1ccc(OCc2cncc(-n3cc(Br)c4c(N)ncnc43)c2)cc1N,6.0,7713.208104124422,-3305.538254459807
CHEMBL4739695,CHEMBL5091756,COc1ccccc1-c1cn(-c2cncc(COc3ccc4ccc(N5CCC5)nc4c3)c2)c2ncnc(N)c12,6.0,-17450.54938203566,-7650.9605941721065
CHEMBL4739695,CHEMBL5091703,Nc1ncnc2c1ccn2[C@@H]1C[C@H](CCc2ccc3cc[nH]c3c2)[C@@H](O)[C@H]1O,6.0,14088.760729845015,4672.807747780681
CHEMBL4739695,CHEMBL5091497,Nc1ccc2cc(OC[C@H]3C[C@@H](n4ccc5c(NCCc6ccccc6)ncnc54)[C@H](O)[C@@H]3O)ccc2n1,6.0,-14304.477417794164,2781.2038108366287
CHEMBL4739695,CHEMBL5091449,Nc1ncnc2c1ccn2[C@@H]1C[C@H](CCc2ccc3c(OCC4CC4)ccnc3c2)[C@@H](O)[C@H]1O,6.0,-8316.594210470825,3294.8628982850723
CHEMBL4739695,CHEMBL5071603,Cn1ccc(-c2cn(-c3cncc(COc4ccc5ccc(N6CCCC6=O)nc5c4)c3)c3ncnc(N)c23)n1,6.0,-11161.722161454003,-6422.953299684559
CHEMBL4739695,CHEMBL5093746,Cn1ccc(-c2cn(-c3cncc(COc4ccc5ccc(N6CCC6=O)nc5c4)c3)c3ncnc(N)c23)n1,6.0,-5579.0098637728015,-7361.413247315025
CHEMBL4739695,CHEMBL5094060,Nc1nc2cc(OCc3cncc(-n4ccc5c(N)ncnc54)c3)ccc2cc1Br,6.0,28406.233318198054,-5811.7589748666705
CHEMBL4739695,CHEMBL5094620,Nc1cc(OC[C@H]2O[C@@H](n3ccc4c(N)ncnc43)[C@@H](F)[C@@H]2O)ccc1C(=O)N1CCNCC1,6.0,1872.8567906732985,2361.891067071133
CHEMBL4739695,CHEMBL5094107,CNc1ccc2ccc(OCc3cncc(-n4ccc5c(N)nc(NC)nc54)c3)cc2n1,6.0,16176.14890121718,-2920.6866605273917
CHEMBL4739695,CHEMBL5071189,COCCN(C)C(=O)c1ccc(OCc2cncc(-n3cc(-c4ccn(C)n4)c4c(N)ncnc43)c2)cc1N,6.0,-14166.340521069682,-3689.1016996836115
CHEMBL4739695,CHEMBL5074710,Nc1ccc2cc(CC[C@H]3C[C@@H](n4ccc5c(NCCc6ccccc6)ncnc54)[C@H](O)[C@@H]3O)ccc2n1,6.0,-20265.4957998466,4742.227817402672
CHEMBL4739695,CHEMBL5073199,CCc1nc2cc(OC[C@H]3O[C@@H](n4cc(-c5ccn(C)n5)c5c(N)ncnc54)[C@@H](F)[C@@H]3O)ccc2o1,6.0,-3988.6387560066337,-5067.844067398207
CHEMBL4739695,CHEMBL5075585,Cn1ccc(-c2cn(-c3cncc(CNC(=O)Cc4cccc(N5CCC5)n4)c3)c3ncnc(N)c23)n1,6.0,-4459.163741450865,-4257.656503321509
CHEMBL4739695,CHEMBL5090213,Cn1ccc(-c2cn(-c3cncc(COC(=O)Nc4cccc(Br)n4)c3)c3ncnc(N)c23)n1,6.0,13063.060758280266,-9892.33744017824
CHEMBL4739695,CHEMBL5090276,CNc1ccc2cnc(OC[C@H]3O[C@@H](n4cc(Br)c5c(N)ncnc54)[C@H](O)[C@@H]3O)nc2n1,6.0,16742.33800055263,-5758.495288051193
CHEMBL4739695,CHEMBL5074737,Nc1ncnc2c1ccn2[C@@H]1C[C@H](CCc2ccc3[nH]c(=O)[nH]c3c2)[C@@H](O)[C@H]1O,6.0,14860.454499195872,3606.025376579217
CHEMBL4739695,CHEMBL5075349,CNc1ccc2ccc(OCc3nnc(-n4cc(Cl)c5c(N)ncnc54)s3)cc2n1,6.0,33629.8960125304,-6204.606795729918
CHEMBL4739695,CHEMBL5090036,Cl.Nc1ncnc2c1c(Cl)cn2-c1csc(COc2ccc3ccc(N4CCCC4)nc3c2)n1,6.0,17934.2525977861,-4984.6420447066275
CHEMBL4739695,CHEMBL5090414,C=CC(=O)Nc1nc(N)c2ccn(-c3cncc(COc4ccc5ccc(NC)nc5c4)c3)c2n1,6.0,9454.8384272913,-4830.577375586963
CHEMBL4739695,CHEMBL5075149,CN(Cc1cncc(-n2cc(-c3ccn(C)n3)c3c(N)ncnc32)c1)CC1CC1,6.0,12285.949294999165,-1489.939788418419
CHEMBL4739695,CHEMBL5090434,CNc1ccc2ccc(CN(C)c3cccc(-n4cc(Br)c5c(N)ncnc54)c3)cc2n1,6.0,7647.45891259518,-6103.25023102709
CHEMBL4739695,CHEMBL5091152,CNc1ccc2ccc(OC[C@H]3O[C@@H](n4ccc5c(N)nc(C(=O)OC)nc54)[C@@H](F)[C@@H]3O)cc2n1,6.0,3810.731099625696,-3235.981052476666
CHEMBL4739695,CHEMBL5091056,Nc1ncnc2c1c(Cl)cn2-c1nnc(COc2ccc3ccc(N4CCCC4)nc3c2)s1,6.0,20357.530706178895,-4976.8066176347465
CHEMBL4739695,CHEMBL5089173,Nc1ccc2ccc(CC[C@H]3C[C@@H](n4ccc5c(N)ncnc54)[C@H](O)[C@@H]3O)cc2c1,6.0,6422.501385174995,5185.413523383983
CHEMBL4739695,CHEMBL5089291,CC1COc2ccc(OCc3cncc(-n4cc(-c5ccn(C)n5)c5c(N)ncnc54)c3)cc2N1,6.0,2560.1157696113196,-3613.260607254098
CHEMBL4739695,CHEMBL5075630,CCc1cc(N2CCC2)nc2cc(OCc3cncc(-n4cc(C5CCCO5)c5c(N)ncnc54)c3)cc(F)c12,6.0,-24054.387103748322,-4568.3614987797
CHEMBL4739695,CHEMBL5090815,Nc1ncnc2c1c(C1CCCO1)cn2-c1cncc(COc2cnc3ccc(N4CCC4)nc3c2)c1,6.0,-5445.697993197656,-3968.149180587813
CHEMBL4739695,CHEMBL5075701,Nc1ncnc2c1ccn2[C@@H]1C[C@H](CCc2ccc3cncnc3c2)[C@@H](O)[C@H]1O,6.0,13236.559883341708,3958.064350310643
CHEMBL4739695,CHEMBL5075659,Cc1cc2c(N)ncnc2n1[C@@H]1C[C@H](COc2ccc3ccc(N)nc3c2)[C@@H](O)[C@H]1O,6.0,5707.565932176016,2579.6741342029145
CHEMBL4739695,CHEMBL5074978,Nc1cc2cc(CC[C@H]3C[C@@H](n4ccc5c(N)ncnc54)[C@H](O)[C@@H]3O)ccc2cn1,6.0,7849.533394745668,4583.41495351878
CHEMBL4739695,CHEMBL5081806,CNc1cc(N2CCC3(CC2)CN(c2ccc(CN4CCC(C)(C)CC4)cc2)CC(=O)N3C)ncn1,5.823908740944319,-34633.09820208232,19163.93861599808
CHEMBL4739695,CHEMBL5083959,CNc1cc(N2CCC3(CC2)CN(c2ccc(CN4CCC(C)(C)CC4)cc2)C(=O)N3)ncn1,5.7447274948966935,-16606.257470147088,17187.150981536965
CHEMBL4739695,CHEMBL5092569,CC1(C)CCN(Cc2ccc(C(=O)NC3CCN(c4cc(NCc5ccccc5)ncn4)CC3)cn2)CC1,5.443697499232713,-20394.253195339916,14844.261450109281
CHEMBL4739695,CHEMBL5072742,CC1(C)CCN(Cc2ccc(N3CC(=O)NC4(CCN(c5ccnc6[nH]ccc56)CC4)C3)cc2)CC1,5.346787486224656,-28916.482655734944,17075.792674749428
CHEMBL4739695,CHEMBL5091996,CNc1cc(N2CCC(O)(CNc3ccc(CN4CCC(C)(C)CC4)cn3)CC2)ncn1,5.337242168318426,-6762.195497114099,17743.46445452456
CHEMBL4739695,CHEMBL5094929,CNc1cc(N2CCC(O)(CNc3ccc(CN4CCC(C)(C)CC4)cc3)CC2)ncn1,5.301029995663981,-10098.11217304607,17857.64498439644
CHEMBL4739695,CHEMBL5078612,CNc1cc(N2CCC(O)(CNc3ccc(CN4CCC(C)(C)CC4)nc3)CC2)ncn1,5.236572006437063,-7085.075217289217,17617.86394496393
CHEMBL4739695,CHEMBL5081407,CNc1cc(N2CCCC(O)(CNC(=O)c3ccc(CN4CCC(C)(C)CC4)cc3)C2)ncn1,5.154901959985743,-15911.874332124064,15667.419472419373
CHEMBL4739695,CHEMBL5270921,Nc1ncnc2c1ncn2[C@@H]1O[C@H](C(=O)NCCCCN2CCCC2)[C@@H](O)[C@H]1O,5.060480747381382,14969.95300221184,6769.92128879039
CHEMBL4739695,CHEMBL5286034,CC1(C)CCN(Cc2ccc(C(=O)NC[C@@]3(O)CCCN(c4cc(NCc5ccccc5)ncn4)C3)c(O)c2)CC1,4.552841968657781,-37851.46481811304,14701.200909531524
CHEMBL4739695,CHEMBL5288865,O=C(NCc1ccc(N2CCCC2=O)cc1)c1cc(=O)c2ccccc2o1,4.286509456906058,36696.55719884484,-145.70044231638562
CHEMBL4739695,CHEMBL5282296,CN1CCC(NC(=O)[C@H]2O[C@@H](n3cnc4c(N)ncnc43)[C@H](O)[C@@H]2O)CC1,4.187086643357144,20371.475651413213,5459.916147810094
CHEMBL4739695,CHEMBL5276433,CNC1CCC(O)(Cn2cnc3c(N)ncnc32)C(O)C1,4.008773924307505,38004.02312318852,8052.8119613763965
CHEMBL4739695,CHEMBL5281978,Nc1ncnc2c1ncn2[C@@H]1O[C@H](C(=O)NCC2CCNCC2)[C@@H](O)[C@H]1O,3.6020599913279625,21927.101134200646,5224.631552471965
CHEMBL4739695,CHEMBL5286336,Nc1ncnc2c1ncn2C[C@H]1OC[C@@H](N)[C@H](O)[C@@H]1O,3.6020599913279625,49120.276265970744,4336.627414903002
CHEMBL4739695,CHEMBL5281651,Nc1ncnc2c1ncn2[C@@H]1O[C@H](C(=O)NCCCNC(=O)c2ccccn2)[C@@H](O)[C@H]1O,3.478861916295964,16721.832153031963,1220.658125911427
CHEMBL4739695,CHEMBL477,Nc1ncnc2c1ncn2[C@@H]1O[C@H](CO)[C@@H](O)[C@H]1O,3.305394801066431,55781.255033396155,1563.9177644211675
